Comunicado,ID,Idade,comunicacao,Satisfacao,lat,lng,Queda,Cidade,recebimento
2022-10-06,1,73,telefone,2.3,-24.9156,-50.0975,0,Carambeí,707.63
2020-01-05,2,72,Gmail,2.96,-25.4258,-50.007,0,Palmeira,808.32
2023-03-05,3,39,WhatsApp,3.78,-25.5708,-51.0761,0,Inácio Martins,497.14
2021-09-23,4,34,WhatsApp,4.42,-25.5161,-48.5225,0,Paranaguá,597.13
2021-01-01,5,47,Gmail,4.41,-25.3907,-51.4622,0,Guarapuava,615.18
2021-04-12,6,46,WhatsApp,2.93,-24.1122,-49.4614,0,Sengés,586.57
2023-01-21,7,26,telefone,2.18,-25.2917,-49.2243,0,Colombo,600.67
2022-05-14,8,54,telefone,2.35,-24.1122,-49.4614,0,Sengés,281.2
2022-04-19,9,43,Gmail,3.01,-25.4525,-49.5286,0,Campo Largo,818.32
2022-07-25,10,70,Gmail,1.57,-25.3907,-51.4622,0,Guarapuava,462.23
2020-02-10,11,45,WhatsApp,0.89,-25.0916,-50.1669,0,Ponta Grossa,197.18
2023-05-27,12,23,WhatsApp,3.91,-23.3103,-51.1628,0,Londrina,711.36
2023-07-31,13,55,telefone,4.23,-25.3658,-49.0764,0,Quatro Barras,84.62
2023-03-27,14,57,telefone,0.39,-24.1122,-49.4614,0,Sengés,622.86
2021-08-21,15,23,telefone,0.17,-25.3658,-49.0764,0,Quatro Barras,726.61
2021-04-04,16,47,SMS,2.79,-25.2283,-50.5983,0,Imbituva,510.09
2021-09-02,17,61,SMS,2.87,-26.3378,-49.9092,0,Itaiópolis,594.19
2022-11-20,18,74,SMS,0.88,-25.0916,-50.1669,1,Ponta Grossa,701.78
2020-04-15,19,58,WhatsApp,3.38,-25.1914,-50.8031,0,Guamiranga,275.82
2020-09-16,20,19,telefone,3.58,-25.2112,-50.9783,0,Prudentópolis,538.85
2021-05-27,21,42,WhatsApp,3.06,-25.4103,-50.5461,0,Fernandes Pinheiro,345.22
2020-10-17,22,23,Gmail,0.83,-25.7775,-49.3278,0,Mandirituba,172.91
2023-11-17,23,29,WhatsApp,4.8,-24.7242,-53.7411,0,Toledo,764.46
2024-09-01,24,20,SMS,2.95,-25.7325,-50.7989,0,Rio Azul,562.07
2020-03-18,25,78,WhatsApp,2.03,-25.1914,-50.8031,0,Guamiranga,652.49
2020-04-28,26,45,SMS,4.37,-25.2917,-49.2243,0,Colombo,528.25
2020-12-02,27,77,Gmail,2.24,-24.7242,-53.7411,0,Toledo,596.63
2022-05-13,28,72,SMS,3.9,-25.2283,-50.5983,0,Imbituva,419.41
2023-02-28,29,32,SMS,3.66,-23.42,-51.9333,0,Maringá,701.5
2020-07-24,30,33,WhatsApp,1.87,-25.0067,-50.8567,1,Ivaí,323.61
2020-04-12,31,30,SMS,2.56,-25.0067,-50.8567,0,Ivaí,327.85
2021-08-03,32,40,SMS,2.03,-24.9555,-53.4553,0,Cascavel,450.65
2020-05-20,33,56,SMS,0.83,-25.8806,-50.8172,1,Mallet,491.33
2024-06-30,34,34,telefone,2.72,-25.4429,-49.0652,0,Piraquara,97.08
2020-11-21,35,45,WhatsApp,1.24,-24.9156,-50.0975,1,Carambeí,579.42
2021-04-20,36,54,Gmail,3.14,-25.4103,-50.5461,0,Fernandes Pinheiro,873.05
2021-07-24,37,69,SMS,3.34,-24.9156,-50.0975,0,Carambeí,990.08
2020-04-19,38,35,WhatsApp,1.6,-23.3103,-51.1628,1,Londrina,666.54
2021-10-24,39,36,telefone,0.9,-23.42,-51.9333,1,Maringá,594.34
2020-04-18,40,53,Gmail,3.41,-25.4429,-49.0652,0,Piraquara,471.67
2022-01-23,41,35,Gmail,1.15,-25.1914,-50.8031,0,Guamiranga,541.22
2023-03-20,42,20,WhatsApp,4.54,-25.5708,-51.0761,0,Inácio Martins,233.69
2023-07-04,43,24,telefone,2.09,-25.6261,-50.6889,0,Rebouças,415.81
2023-08-17,44,46,WhatsApp,3.4,-25.0067,-50.8567,0,Ivaí,248.58
2023-08-22,45,75,SMS,3.65,-25.7325,-50.7989,0,Rio Azul,256.12
2020-06-05,46,42,Gmail,4.87,-25.0916,-50.1669,0,Ponta Grossa,596.52
2020-05-09,47,24,SMS,1.01,-25.2112,-50.9783,0,Prudentópolis,608.51
2022-03-08,48,79,WhatsApp,0.2,-26.3378,-49.9092,1,Itaiópolis,388.15
2020-01-23,49,37,SMS,3.88,-25.7325,-50.7989,0,Rio Azul,342.61
2020-03-14,50,40,WhatsApp,1.63,-25.1914,-50.8031,1,Guamiranga,604.38
2023-04-09,51,64,SMS,2.85,-25.4258,-50.0072,0,Palmeira,778.64
2020-01-19,52,72,Gmail,1.99,-25.0067,-50.8567,0,Ivaí,522.86
2020-06-03,53,65,WhatsApp,0.22,-25.54,-49.8989,0,Porto Amazonas,224.31
2022-12-29,54,59,telefone,2.47,-25.2283,-50.5983,0,Imbituva,772.38
2021-06-04,55,23,WhatsApp,2.29,-25.8806,-50.8172,1,Mallet,822.67
2024-08-11,56,32,SMS,3.9,-25.1914,-50.8031,0,Guamiranga,933.51
2020-04-16,57,79,WhatsApp,0.3,-25.5161,-48.5225,1,Paranaguá,932.22
2021-04-12,58,23,WhatsApp,1.04,-23.3442,-52.0942,1,Mandaguaçu,662.44
2023-02-27,59,26,telefone,1.03,-25.2917,-49.2243,1,Colombo,855.39
2020-07-29,60,64,telefone,1.42,-25.6261,-50.6889,0,Rebouças,269.07
2020-04-05,61,68,SMS,1.48,-25.0067,-50.8567,0,Ivaí,461.2
2024-03-27,62,28,WhatsApp,1.79,-25.0916,-50.1669,1,Ponta Grossa,196.98
2021-05-25,63,41,SMS,1.11,-25.2917,-49.2243,0,Colombo,583.73
2023-04-27,64,45,SMS,1.19,-25.8679,-50.3831,1,São Mateus do Sul,418.32
2022-06-11,65,61,Gmail,3.87,-25.37,-50.4517,0,Teixeira Soares,465.84
2020-07-14,66,73,Gmail,3.36,-25.5161,-48.5225,0,Paranaguá,576.54
2024-08-09,67,45,telefone,4.97,-25.0067,-50.8567,0,Ivaí,598.94
2021-09-10,68,62,telefone,1.61,-25.7325,-50.7989,0,Rio Azul,683.61
2024-01-20,69,77,telefone,1.61,-24.5108,-50.4172,1,Tibagi,839.39
2021-11-21,70,26,WhatsApp,3.89,-24.9156,-50.0975,0,Carambeí,182.48
2023-02-10,71,31,SMS,0.9,-23.42,-51.9333,0,Maringá,959.46
2024-04-01,72,40,telefone,2.14,-25.5469,-54.5882,0,Foz do Iguaçu,650.61
2024-05-20,73,25,WhatsApp,3.93,-25.3907,-51.4622,0,Guarapuava,982.86
2022-04-10,74,26,SMS,2.0,-25.6261,-50.6889,0,Rebouças,994.09
2020-05-14,75,69,Gmail,3.12,-25.7775,-49.3278,0,Mandirituba,280.17
2024-04-25,76,53,Gmail,4.34,-25.5851,-49.4047,0,Araucária,621.31
2023-09-20,77,44,SMS,4.1,-23.3442,-52.0942,0,Mandaguaçu,197.65
2024-10-15,78,49,Gmail,4.66,-25.3658,-49.0764,0,Quatro Barras,979.06
2022-10-07,79,63,Gmail,0.25,-25.4525,-49.5286,0,Campo Largo,880.42
2022-04-09,80,78,WhatsApp,4.45,-25.4429,-49.0652,0,Piraquara,336.99
2023-12-22,81,44,telefone,2.73,-23.42,-51.9333,0,Maringá,843.0
2021-07-25,82,68,SMS,1.95,-25.7775,-49.3278,1,Mandirituba,559.27
2024-07-04,83,24,Gmail,1.05,-25.5469,-54.5882,1,Foz do Iguaçu,669.71
2022-03-06,84,66,telefone,2.05,-25.5161,-48.5225,1,Paranaguá,950.54
2022-07-08,85,38,Gmail,2.86,-25.5161,-48.5225,0,Paranaguá,164.12
2022-01-07,86,31,telefone,0.61,-24.6494,-50.8519,1,Reserva,376.57
2024-04-11,87,46,SMS,1.56,-25.54,-49.8989,1,Porto Amazonas,87.92
2024-06-07,88,31,telefone,0.08,-25.5851,-49.4047,1,Araucária,493.43
2021-10-11,89,66,Gmail,2.07,-25.37,-50.4517,0,Teixeira Soares,836.74
2020-11-13,90,38,Gmail,0.16,-24.6494,-50.8519,1,Reserva,828.75
2023-02-20,91,70,SMS,4.29,-25.4525,-49.5286,0,Campo Largo,541.24
2022-07-28,92,23,SMS,0.97,-24.6494,-50.8519,1,Reserva,575.39
2020-08-02,93,24,SMS,1.63,-25.2917,-49.2243,1,Colombo,503.32
2023-12-20,94,39,telefone,4.46,-25.4297,-49.2719,0,Curitiba,306.09
2022-03-24,95,77,Gmail,2.67,-25.3658,-49.0764,0,Quatro Barras,118.31
2020-12-22,96,68,WhatsApp,1.91,-25.37,-50.4517,0,Teixeira Soares,421.6
2022-06-22,97,73,WhatsApp,2.51,-23.42,-51.9333,0,Maringá,651.68
2023-11-12,98,21,SMS,4.93,-24.9555,-53.4553,0,Cascavel,795.34
2020-09-12,99,30,telefone,0.11,-25.5708,-51.0761,0,Inácio Martins,566.48
2021-06-17,100,18,WhatsApp,0.22,-25.8679,-50.3831,0,São Mateus do Sul,366.32
2021-10-03,101,69,WhatsApp,0.82,-25.8806,-50.8172,1,Mallet,631.5
2024-02-20,102,73,SMS,3.67,-25.5161,-48.5225,0,Paranaguá,360.53
2022-05-06,103,32,Gmail,1.12,-25.4525,-49.5286,1,Campo Largo,778.81
2023-07-04,104,77,SMS,2.24,-24.7242,-53.7411,1,Toledo,926.52
2022-01-29,105,22,SMS,4.24,-25.0916,-50.1669,0,Ponta Grossa,872.22
2021-06-11,106,31,SMS,4.37,-25.3907,-51.4622,0,Guarapuava,313.07
2024-02-09,107,72,SMS,0.67,-25.5469,-54.5882,1,Foz do Iguaçu,515.14
2022-09-08,108,50,telefone,0.07,-25.37,-50.4517,1,Teixeira Soares,972.18
2023-09-15,109,44,telefone,2.98,-25.2917,-49.2243,0,Colombo,390.32
2020-02-02,110,54,WhatsApp,1.37,-25.6261,-50.6889,0,Rebouças,274.32
2021-08-26,111,54,WhatsApp,1.18,-26.3378,-49.9092,1,Itaiópolis,685.66
2021-02-05,112,70,telefone,2.03,-25.0916,-50.1669,1,Ponta Grossa,408.7
2020-06-15,113,78,telefone,3.61,-25.3907,-51.4622,0,Guarapuava,956.62
2023-01-05,114,42,SMS,1.48,-23.3442,-52.0942,0,Mandaguaçu,109.86
2022-07-25,115,36,WhatsApp,4.33,-25.4429,-49.0652,0,Piraquara,170.71
2024-01-13,116,80,WhatsApp,0.9,-25.4103,-50.5461,1,Fernandes Pinheiro,422.62
2021-10-04,117,19,SMS,4.96,-25.5851,-49.4047,0,Araucária,792.06
2021-08-24,118,68,SMS,2.41,-25.2917,-49.2243,0,Colombo,814.87
2024-01-21,119,70,WhatsApp,2.68,-25.4103,-50.5461,0,Fernandes Pinheiro,143.61
2021-02-13,120,28,WhatsApp,4.51,-24.6494,-50.8519,0,Reserva,455.03
2021-07-03,121,39,WhatsApp,1.84,-25.5851,-49.4047,1,Araucária,340.88
2023-06-18,122,20,telefone,2.78,-24.1122,-49.4614,0,Sengés,959.12
2023-09-28,123,23,SMS,3.5,-7.8889,-37.12,0,,604.42
2020-05-30,124,73,SMS,2.31,-25.2917,-49.2243,0,Colombo,124.18
2020-05-11,125,37,WhatsApp,2.02,-24.1122,-49.4614,1,Sengés,812.48
2022-04-21,126,68,SMS,3.61,-25.4525,-49.5286,0,Campo Largo,519.76
2023-09-14,127,58,Gmail,4.84,-24.9555,-53.4553,0,Cascavel,854.28
2020-03-10,128,46,SMS,0.36,-25.3907,-51.4622,0,Guarapuava,976.65
2023-04-01,129,20,WhatsApp,1.71,-25.2112,-50.9783,0,Prudentópolis,557.8
2020-12-03,130,56,WhatsApp,2.53,-24.1122,-49.4614,0,Sengés,649.64
2024-06-09,131,50,Gmail,4.64,-25.4429,-49.0652,0,Piraquara,931.51
2020-10-02,132,55,telefone,1.91,-25.4297,-49.2719,0,Curitiba,56.55
2020-06-23,133,36,SMS,0.06,-25.0067,-50.8567,0,Ivaí,316.3
2024-10-13,134,58,Gmail,3.28,-25.0067,-50.8567,0,Ivaí,687.07
2020-11-03,135,79,WhatsApp,3.6,-25.4525,-49.5286,0,Campo Largo,605.33
2024-02-21,136,33,SMS,4.73,-25.4297,-49.2719,0,Curitiba,300.95
2020-12-01,137,51,SMS,1.93,-24.7242,-53.7411,0,Toledo,248.35
2024-03-27,138,46,WhatsApp,0.73,-25.4297,-49.2719,0,Curitiba,268.27
2023-06-01,139,71,WhatsApp,2.97,-25.2283,-50.5983,0,Imbituva,582.81
2022-04-09,140,65,WhatsApp,0.7,-25.0067,-50.8567,0,Ivaí,91.39
2020-04-01,141,66,WhatsApp,4.18,-25.54,-49.8989,0,Porto Amazonas,225.53
2024-03-06,142,55,WhatsApp,3.88,-25.5851,-49.4047,0,Araucária,55.26
2020-02-08,143,35,SMS,1.51,-25.0916,-50.1669,1,Ponta Grossa,977.4
2021-02-16,144,73,Gmail,2.51,-25.4258,-50.0072,0,Palmeira,613.62
2022-08-26,145,71,SMS,2.43,-25.54,-49.8989,1,Porto Amazonas,784.63
2022-04-29,146,20,Gmail,2.38,-25.0067,-50.8567,1,Ivaí,950.71
2023-04-26,147,21,SMS,3.6,-24.6494,-50.8519,0,Reserva,644.16
2023-03-24,148,24,SMS,2.79,-24.6494,-50.8519,0,Reserva,298.3
2020-08-14,149,35,WhatsApp,0.89,-25.5851,-49.4047,1,Araucária,411.59
2020-09-20,150,76,Gmail,2.07,-25.5161,-48.5225,1,Paranaguá,428.09
2020-03-15,151,29,Gmail,3.97,-24.9156,-50.0975,0,Carambeí,922.56
2024-10-18,152,49,Gmail,4.36,-25.1914,-50.8031,0,Guamiranga,938.47
2021-01-28,153,44,SMS,2.73,-25.5161,-48.5225,0,Paranaguá,152.1
2023-07-18,154,46,Gmail,0.01,-25.5161,-48.5225,1,Paranaguá,475.63
2022-05-25,155,79,telefone,2.95,-24.9555,-53.4553,0,Cascavel,839.16
2021-07-17,156,43,telefone,4.65,-25.4429,-49.0652,0,Piraquara,169.99
2023-12-16,157,20,Gmail,1.97,-25.7325,-50.7989,0,Rio Azul,412.91
2020-08-11,158,43,Gmail,4.4,-24.1122,-49.4614,0,Sengés,762.17
2022-02-14,159,26,SMS,1.05,-25.37,-50.4517,1,Teixeira Soares,585.08
2023-04-08,160,66,WhatsApp,4.4,-25.54,-49.8989,0,Porto Amazonas,906.9
2024-04-07,161,27,WhatsApp,3.98,-25.8806,-50.8172,0,Mallet,779.94
2022-12-19,162,20,Gmail,0.49,-25.3658,-49.0764,1,Quatro Barras,99.48
2022-12-01,163,59,telefone,1.39,-25.8679,-50.3831,1,São Mateus do Sul,441.15
2020-12-24,164,68,telefone,4.71,-25.5161,-48.5225,0,Paranaguá,462.34
2020-12-19,165,40,Gmail,2.31,-25.4258,-50.0072,0,Palmeira,559.64
2024-02-16,166,34,SMS,3.92,-24.6494,-50.8519,0,Reserva,695.94
2023-04-18,167,22,Gmail,1.43,-24.9156,-50.0975,1,Carambeí,160.56
2022-08-24,168,47,WhatsApp,0.43,-24.7242,-53.7411,0,Toledo,519.75
2020-01-04,169,50,WhatsApp,1.03,-25.5161,-48.5225,0,Paranaguá,620.3
2023-03-25,170,67,Gmail,0.2,-25.4258,-50.0072,0,Palmeira,341.73
2024-06-06,171,21,telefone,0.81,-24.1122,-49.4614,0,Sengés,937.49
2021-05-19,172,63,SMS,4.06,-25.7325,-50.7989,0,Rio Azul,992.65
2020-07-05,173,52,SMS,4.7,-24.7242,-53.7411,0,Toledo,936.13
2024-06-14,174,80,Gmail,4.96,-24.5108,-50.4172,0,Tibagi,628.0
2020-05-07,175,20,telefone,4.49,-25.7325,-50.7989,0,Rio Azul,871.88
2022-12-29,176,80,Gmail,1.24,-25.37,-50.4517,0,Teixeira Soares,53.85
2020-02-29,177,53,Gmail,3.7,-25.5161,-48.5225,0,Paranaguá,973.66
2024-02-29,178,59,telefone,3.48,-25.3907,-51.4622,0,Guarapuava,296.44
2020-01-12,179,78,telefone,4.26,-24.6494,-50.8519,0,Reserva,123.31
2022-06-09,180,75,SMS,4.37,-23.42,-51.9333,0,Maringá,512.93
2023-04-25,181,49,telefone,4.09,-25.6261,-50.6889,0,Rebouças,80.13
2023-07-19,182,31,Gmail,0.04,-25.3907,-51.4622,0,Guarapuava,528.96
2024-03-07,183,42,SMS,2.5,-25.5161,-48.5225,0,Paranaguá,321.74
2024-04-03,184,71,SMS,2.79,-25.8679,-50.3831,0,São Mateus do Sul,453.83
2024-04-29,185,23,SMS,3.54,-25.3907,-51.4622,0,Guarapuava,830.74
2024-01-11,186,76,telefone,1.61,-24.9555,-53.4553,1,Cascavel,305.93
2020-02-28,187,21,WhatsApp,3.63,-24.1122,-49.4614,0,Sengés,463.71
2022-07-14,188,37,WhatsApp,4.65,-24.6494,-50.8519,0,Reserva,515.22
2022-06-26,189,39,Gmail,1.0,-24.7242,-53.7411,0,Toledo,992.31
2023-08-22,190,33,SMS,1.25,-25.4525,-49.5286,1,Campo Largo,933.69
2021-11-01,191,67,WhatsApp,1.0,-25.5469,-54.5882,0,Foz do Iguaçu,809.4
2021-03-26,192,64,WhatsApp,1.74,-24.1122,-49.4614,1,Sengés,189.23
2021-08-27,193,66,Gmail,3.53,-25.7325,-50.7989,0,Rio Azul,94.56
2020-09-25,194,31,SMS,3.13,-25.4429,-49.0652,0,Piraquara,859.33
2020-02-13,195,34,telefone,4.91,-25.4297,-49.2719,0,Curitiba,571.67
2020-04-29,196,71,WhatsApp,2.62,-25.2283,-50.5983,0,Imbituva,253.24
2024-03-21,197,26,SMS,3.9,-25.54,-49.8989,0,Porto Amazonas,200.44
2021-04-29,198,51,Gmail,0.4,-23.3103,-51.1628,1,Londrina,295.74
2024-02-21,199,44,SMS,4.03,-25.37,-50.4517,0,Teixeira Soares,641.62
2021-05-05,200,80,telefone,3.31,-25.54,-49.8989,0,Porto Amazonas,72.22
2022-04-01,201,50,telefone,2.93,-24.7242,-53.7411,0,Toledo,118.18
2020-12-01,202,23,telefone,2.84,-25.8679,-50.3831,0,São Mateus do Sul,771.8
2022-10-08,203,43,WhatsApp,0.56,-25.5851,-49.4047,0,Araucária,168.14
2022-12-01,204,49,Gmail,0.49,-25.5708,-51.0761,1,Inácio Martins,551.67
2020-02-24,205,78,WhatsApp,1.07,-25.0067,-50.8567,0,Ivaí,385.37
2022-10-25,206,46,Gmail,2.14,-23.3442,-52.0942,0,Mandaguaçu,373.37
2022-07-22,207,55,Gmail,2.58,-25.2112,-50.9783,0,Prudentópolis,942.28
2021-04-23,208,19,telefone,1.69,-25.8679,-50.3831,1,São Mateus do Sul,581.18
2020-09-28,209,63,Gmail,1.1,-25.5851,-49.4047,1,Araucária,803.71
2023-01-27,210,66,Gmail,3.12,-25.1914,-50.8031,0,Guamiranga,355.54
2021-04-22,211,74,Gmail,3.37,-25.4103,-50.5461,0,Fernandes Pinheiro,586.24
2020-04-01,212,34,telefone,1.37,-25.3907,-51.4622,0,Guarapuava,416.24
2020-12-16,213,38,telefone,4.22,-25.8679,-50.3831,0,São Mateus do Sul,655.01
2020-02-26,214,33,SMS,2.18,-24.1122,-49.4614,0,Sengés,67.72
2022-03-07,215,20,telefone,4.0,-25.0067,-50.8567,0,Ivaí,73.05
2021-06-12,216,61,SMS,3.64,-25.1914,-50.8031,0,Guamiranga,547.43
2020-12-09,217,26,WhatsApp,2.54,-24.9156,-50.0975,0,Carambeí,328.67
2020-11-08,218,41,telefone,3.75,-24.9156,-50.0975,0,Carambeí,427.93
2022-01-29,219,47,telefone,0.65,-25.2283,-50.5983,0,Imbituva,622.97
2020-04-12,220,65,Gmail,3.0,-25.2112,-50.9783,0,Prudentópolis,966.93
2021-08-22,221,79,telefone,0.28,-25.7325,-50.7989,1,Rio Azul,731.16
2021-03-21,222,37,WhatsApp,0.49,-24.6494,-50.8519,1,Reserva,229.68
2023-11-04,223,31,WhatsApp,0.68,-25.2283,-50.5983,1,Imbituva,349.9
2020-10-30,224,37,telefone,3.28,-25.4525,-49.5286,0,Campo Largo,302.29
2023-09-06,225,40,WhatsApp,3.31,-24.9156,-50.0975,0,Carambeí,651.95
2023-03-20,226,34,WhatsApp,2.72,-25.5708,-51.0761,0,Inácio Martins,330.52
2021-08-11,227,66,WhatsApp,2.75,-25.2917,-49.2243,0,Colombo,324.6
2022-11-27,228,26,WhatsApp,3.73,-25.0067,-50.8567,0,Ivaí,548.48
2020-05-19,229,61,SMS,1.13,-25.4297,-49.2719,0,Curitiba,623.65
2021-07-08,230,31,Gmail,0.89,-25.5851,-49.4047,0,Araucária,127.65
2021-08-28,231,48,telefone,2.43,-25.0916,-50.1669,1,Ponta Grossa,740.24
2023-02-01,232,77,telefone,1.91,-24.6494,-50.8519,1,Reserva,622.72
2023-09-10,233,20,WhatsApp,0.85,-25.7775,-49.3278,1,Mandirituba,441.53
2021-09-05,234,43,Gmail,2.03,-25.5708,-51.0761,0,Inácio Martins,460.13
2021-04-26,235,37,WhatsApp,3.86,-24.5108,-50.4172,0,Tibagi,209.82
2022-12-15,236,33,telefone,4.66,-24.7242,-53.7411,0,Toledo,974.88
2020-08-16,237,25,telefone,2.17,-25.8679,-50.3831,0,São Mateus do Sul,59.12
2023-03-19,238,77,Gmail,3.59,-24.5108,-50.4172,0,Tibagi,768.52
2023-09-27,239,53,Gmail,1.79,-23.9369,-46.325,1,,715.25
2020-10-01,240,19,Gmail,0.34,-24.9156,-50.0975,0,Carambeí,59.11
2024-10-11,241,18,SMS,0.69,-25.7325,-50.7989,0,Rio Azul,773.61
2022-08-17,242,45,WhatsApp,3.18,-24.5108,-50.4172,0,Tibagi,109.89
2020-01-15,243,70,telefone,0.58,-24.1122,-49.4614,0,Sengés,242.43
2022-02-06,244,22,telefone,2.83,-24.6494,-50.8519,0,Reserva,634.8
2020-02-08,245,40,SMS,0.86,-24.9156,-50.0975,0,Carambeí,118.0
2024-07-30,246,38,Gmail,4.2,-25.54,-49.8989,0,Porto Amazonas,736.54
2023-02-16,247,27,SMS,3.01,-25.4429,-49.0652,0,Piraquara,499.74
2024-02-15,248,70,SMS,3.0,-23.42,-51.9333,0,Maringá,258.89
2024-09-18,249,40,Gmail,2.56,-25.2917,-49.2243,0,Colombo,132.95
2020-03-23,250,63,SMS,2.1,-25.0067,-50.8567,1,Ivaí,674.55
2024-08-31,251,51,telefone,4.55,-25.2283,-50.5983,0,Imbituva,504.01
2022-10-11,252,19,SMS,4.15,-25.5708,-51.0761,0,Inácio Martins,831.63
2023-07-23,253,58,SMS,5.0,-25.4103,-50.5461,0,Fernandes Pinheiro,697.27
2023-02-23,254,18,SMS,3.06,-25.5851,-49.4047,0,Araucária,647.12
2020-01-01,255,50,telefone,0.58,-24.6494,-50.8519,0,Reserva,767.84
2020-04-22,256,41,Gmail,0.06,-25.4103,-50.5461,1,Fernandes Pinheiro,953.24
2021-11-15,257,62,telefone,2.94,-24.1122,-49.4614,0,Sengés,163.32
2024-07-01,258,64,Gmail,4.91,-25.5851,-49.4047,0,Araucária,944.49
2022-11-25,259,62,Gmail,3.41,-25.0067,-50.8567,0,Ivaí,188.1
2021-07-20,260,67,Gmail,0.17,-24.6494,-50.8519,1,Reserva,722.8
2022-08-06,261,33,telefone,0.92,-24.1122,-49.4614,0,Sengés,942.69
2021-01-31,262,70,telefone,2.88,-25.5161,-48.5225,0,Paranaguá,685.23
2020-11-15,263,39,Gmail,4.09,-23.3103,-51.1628,0,Londrina,81.48
2022-05-12,264,54,WhatsApp,3.52,-25.5469,-54.5882,0,Foz do Iguaçu,337.47
2021-12-18,265,18,Gmail,0.04,-25.2917,-49.2243,1,Colombo,841.85
2020-04-17,266,53,Gmail,1.63,-25.4525,-49.5286,0,Campo Largo,887.81
2021-08-06,267,74,telefone,2.39,-25.5469,-54.5882,0,Foz do Iguaçu,741.59
2021-03-03,268,56,telefone,1.37,-25.4103,-50.5461,0,Fernandes Pinheiro,111.12
2023-08-10,269,75,Gmail,0.05,-25.3907,-51.4622,0,Guarapuava,406.6
2023-04-13,270,20,WhatsApp,0.26,-24.6494,-50.8519,1,Reserva,57.78
2020-02-23,271,30,Gmail,4.41,-25.7775,-49.3278,0,Mandirituba,210.12
2024-01-31,272,54,SMS,0.81,-25.37,-50.4517,1,Teixeira Soares,993.3
2024-01-07,273,35,WhatsApp,2.52,-25.8679,-50.3831,0,São Mateus do Sul,768.44
2024-04-18,274,68,Gmail,2.48,-25.2283,-50.5983,1,Imbituva,902.6
2021-02-18,275,69,SMS,0.58,-23.3442,-52.0942,1,Mandaguaçu,741.21
2022-04-25,276,37,SMS,4.65,-24.1122,-49.4614,0,Sengés,659.34
2022-11-19,277,79,telefone,4.39,-25.4103,-50.5461,0,Fernandes Pinheiro,786.58
2021-01-04,278,74,SMS,3.39,-25.2283,-50.5983,0,Imbituva,415.07
2024-01-29,279,72,SMS,4.46,-24.6494,-50.8519,0,Reserva,817.79
2020-07-20,280,55,WhatsApp,0.53,-24.6494,-50.8519,0,Reserva,712.77
2021-11-02,281,23,telefone,2.18,-25.7325,-50.7989,1,Rio Azul,516.92
2020-07-02,282,27,Gmail,1.94,-23.42,-51.9333,1,Maringá,697.92
2024-09-25,283,70,telefone,4.91,-25.7325,-50.7989,0,Rio Azul,339.22
2024-07-26,284,26,WhatsApp,3.17,-25.37,-50.4517,0,Teixeira Soares,172.48
2023-02-18,285,25,SMS,2.85,-25.4297,-49.2719,0,Curitiba,788.7
2022-12-01,286,76,WhatsApp,0.48,-25.5851,-49.4047,0,Araucária,601.2
2024-03-02,287,31,SMS,2.65,-25.2283,-50.5983,0,Imbituva,929.19
2020-09-05,288,41,SMS,4.21,-25.37,-50.4517,0,Teixeira Soares,605.41
2023-07-08,289,19,Gmail,1.54,-25.5161,-48.5225,1,Paranaguá,111.82
2020-07-10,290,42,telefone,2.9,-25.54,-49.8989,0,Porto Amazonas,191.45
2020-03-30,291,46,telefone,1.25,-25.8806,-50.8172,0,Mallet,570.29
2021-12-25,292,45,telefone,0.31,-25.37,-50.4517,1,Teixeira Soares,821.86
2021-06-13,293,62,Gmail,3.51,-25.7775,-49.3278,0,Mandirituba,96.61
2021-08-28,294,19,telefone,0.11,-25.3658,-49.0764,1,Quatro Barras,956.03
2022-01-01,295,63,SMS,0.65,-25.4258,-50.0072,0,Palmeira,633.43
2024-05-09,296,45,SMS,3.48,-24.1122,-49.4614,0,Sengés,890.58
2023-05-13,297,50,telefone,2.61,-25.4297,-49.2719,0,Curitiba,139.25
2024-08-22,298,49,telefone,2.01,-24.1122,-49.4614,1,Sengés,793.01
2020-04-21,299,71,Gmail,3.21,-25.2917,-49.2243,0,Colombo,542.29
2024-01-22,300,64,SMS,0.1,-23.42,-51.9333,0,Maringá,150.34
2024-08-31,301,60,SMS,1.04,-25.1914,-50.8031,1,Guamiranga,519.3
2021-07-06,302,45,SMS,0.1,-25.7325,-50.7989,0,Rio Azul,604.87
2020-09-03,303,65,WhatsApp,4.92,-24.9156,-50.0975,0,Carambeí,705.46
2022-10-20,304,59,Gmail,0.59,-25.4258,-50.0072,0,Palmeira,125.71
2021-06-03,305,62,SMS,3.06,-25.3658,-49.0764,0,Quatro Barras,174.06
2024-01-03,306,43,WhatsApp,4.6,-25.4525,-49.5286,0,Campo Largo,439.77
2020-03-31,307,70,telefone,4.33,-25.0067,-50.8567,0,Ivaí,733.26
2021-08-25,308,25,SMS,1.81,-25.3658,-49.0764,0,Quatro Barras,547.15
2020-05-31,309,56,telefone,1.26,-25.4525,-49.5286,0,Campo Largo,384.57
2020-11-12,310,61,WhatsApp,1.04,-25.8679,-50.3831,1,São Mateus do Sul,590.29
2020-02-12,311,79,SMS,4.51,-25.6261,-50.6889,0,Rebouças,423.66
2020-08-01,312,47,telefone,2.78,-25.4525,-49.5286,0,Campo Largo,690.05
2023-07-18,313,47,SMS,4.79,-25.4297,-49.2719,0,Curitiba,109.7
2022-07-27,314,68,SMS,2.41,-24.9156,-50.0975,1,Carambeí,868.18
2024-09-02,315,63,Gmail,3.39,-25.4525,-49.5286,0,Campo Largo,86.47
2022-07-16,316,75,WhatsApp,1.28,-24.5108,-50.4172,0,Tibagi,726.28
2020-03-20,317,20,SMS,3.15,-25.5708,-51.0761,0,Inácio Martins,490.84
2022-07-22,318,42,Gmail,4.74,-25.5469,-54.5882,0,Foz do Iguaçu,563.73
2020-10-11,319,46,WhatsApp,0.16,-25.7325,-50.7989,1,Rio Azul,425.17
2021-11-11,320,58,Gmail,1.79,-25.8679,-50.3831,0,São Mateus do Sul,374.49
2021-12-18,321,70,telefone,2.62,-25.6261,-50.6889,0,Rebouças,570.51
2021-08-27,322,31,telefone,0.74,-25.5851,-49.4047,1,Araucária,639.0
2021-04-14,323,62,SMS,2.12,-25.5161,-48.5225,0,Paranaguá,420.51
2021-11-30,324,66,Gmail,1.9,-25.2917,-49.2243,0,Colombo,510.5
2022-05-24,325,75,Gmail,1.73,-25.1914,-50.8031,1,Guamiranga,863.96
2022-01-29,326,57,Gmail,2.87,-25.5708,-51.0761,0,Inácio Martins,770.0
2023-11-25,327,64,telefone,1.1,-25.4103,-50.5461,1,Fernandes Pinheiro,575.55
2024-09-12,328,47,telefone,3.11,-25.54,-49.8989,0,Porto Amazonas,759.09
2022-09-03,329,44,SMS,4.0,-25.8679,-50.3831,0,São Mateus do Sul,124.5
2020-12-06,330,80,Gmail,2.09,-24.9555,-53.4553,0,Cascavel,816.04
2024-05-14,331,49,SMS,0.1,-25.0916,-50.1669,1,Ponta Grossa,81.48
2021-07-15,332,56,WhatsApp,2.95,-25.7775,-49.3278,0,Mandirituba,169.58
2020-01-13,333,31,WhatsApp,2.06,-25.4525,-49.5286,1,Campo Largo,721.08
2021-09-24,334,29,telefone,3.43,-25.4429,-49.0652,0,Piraquara,286.77
2020-11-13,335,71,WhatsApp,0.32,-25.5469,-54.5882,0,Foz do Iguaçu,583.47
2020-01-08,336,23,WhatsApp,3.61,-25.4258,-50.0072,0,Palmeira,459.57
2023-11-06,337,47,SMS,3.06,-24.9555,-53.4553,0,Cascavel,719.15
2020-09-02,338,78,Gmail,0.21,-25.37,-50.4517,0,Teixeira Soares,815.07
2020-12-06,339,55,telefone,3.79,-25.3907,-51.4622,0,Guarapuava,995.62
2020-01-25,340,46,SMS,3.58,-24.5108,-50.4172,0,Tibagi,905.17
2024-06-04,341,71,SMS,3.72,-25.2283,-50.5983,0,Imbituva,195.63
2021-03-13,342,63,SMS,3.04,-25.4429,-49.0652,0,Piraquara,660.88
2024-03-08,343,33,Gmail,3.56,-25.54,-49.8989,0,Porto Amazonas,726.33
2022-04-03,344,25,WhatsApp,2.12,-24.9156,-50.0975,0,Carambeí,960.39
2022-10-18,345,61,WhatsApp,0.05,-24.9555,-53.4553,1,Cascavel,362.32
2020-06-06,346,65,telefone,0.46,-25.2283,-50.5983,0,Imbituva,972.92
2021-07-29,347,40,telefone,1.05,-25.0916,-50.1669,0,Ponta Grossa,585.35
2023-12-02,348,52,telefone,4.48,-25.0067,-50.8567,0,Ivaí,892.51
2020-06-28,349,52,WhatsApp,4.02,-25.4429,-49.0652,0,Piraquara,875.82
2021-10-20,350,30,WhatsApp,2.4,-25.2917,-49.2243,0,Colombo,294.42
2022-09-14,351,32,telefone,1.31,-23.3442,-52.0942,1,Mandaguaçu,566.99
2022-09-26,352,51,SMS,0.82,-25.5161,-48.5225,0,Paranaguá,101.7
2020-01-24,353,48,WhatsApp,2.03,-25.4258,-50.0072,0,Palmeira,442.42
2020-12-06,354,23,WhatsApp,2.2,-24.9555,-53.4553,1,Cascavel,294.08
2022-12-13,355,66,SMS,3.15,-23.42,-51.9333,0,Maringá,755.62
2024-06-16,356,50,Gmail,0.24,-23.3103,-51.1628,1,Londrina,344.24
2024-07-21,357,27,WhatsApp,4.91,-25.8806,-50.8172,0,Mallet,84.42
2022-04-13,358,19,SMS,1.32,-25.54,-49.8989,1,Porto Amazonas,128.15
2024-05-21,359,44,Gmail,1.8,-25.5708,-51.0761,1,Inácio Martins,141.23
2024-05-19,360,66,Gmail,0.3,-25.2917,-49.2243,1,Colombo,723.27
2022-09-18,361,31,WhatsApp,3.6,-26.3378,-49.9092,0,Itaiópolis,75.86
2024-07-27,362,73,telefone,4.15,-25.4258,-50.0072,0,Palmeira,797.16
2021-12-07,363,77,Gmail,4.83,-25.4297,-49.2719,0,Curitiba,685.79
2024-07-23,364,20,telefone,1.39,-25.7325,-50.7989,1,Rio Azul,823.71
2021-12-14,365,67,Gmail,1.49,-25.1914,-50.8031,0,Guamiranga,868.85
2022-02-05,366,56,telefone,4.11,-23.3442,-52.0942,0,Mandaguaçu,722.35
2022-03-18,367,54,WhatsApp,0.56,-26.3378,-49.9092,1,Itaiópolis,69.64
2021-07-01,368,39,SMS,0.59,-25.0916,-50.1669,1,Ponta Grossa,862.01
2022-10-11,369,54,WhatsApp,2.79,-25.5161,-48.5225,0,Paranaguá,964.75
2021-11-10,370,44,Gmail,5.0,-25.0067,-50.8567,0,Ivaí,668.59
2023-06-22,371,54,telefone,1.19,-24.9555,-53.4553,0,Cascavel,789.11
2020-11-25,372,30,SMS,3.92,-25.5708,-51.0761,0,Inácio Martins,187.91
2023-01-21,373,64,Gmail,1.71,-25.5708,-51.0761,0,Inácio Martins,982.31
2023-12-11,374,39,WhatsApp,1.84,-23.3442,-52.0942,0,Mandaguaçu,915.27
2024-03-03,375,54,WhatsApp,3.66,-25.2283,-50.5983,0,Imbituva,180.69
2023-05-10,376,78,telefone,3.18,-25.4429,-49.0652,0,Piraquara,910.06
2023-02-24,377,75,WhatsApp,0.24,-23.3103,-51.1628,1,Londrina,874.9
2021-03-17,378,67,SMS,4.2,-24.1122,-49.4614,0,Sengés,105.97
2023-11-25,379,47,Gmail,2.48,-25.0916,-50.1669,1,Ponta Grossa,64.59
2022-10-13,380,27,SMS,2.52,-25.4297,-49.2719,0,Curitiba,183.48
2024-07-02,381,66,telefone,4.55,-25.5161,-48.5225,0,Paranaguá,236.65
2020-10-02,382,66,SMS,4.9,-25.7325,-50.7989,0,Rio Azul,156.14
2021-01-09,383,61,WhatsApp,0.17,-25.8806,-50.8172,1,Mallet,109.01
2022-07-12,384,53,SMS,2.79,-25.4429,-49.0652,0,Piraquara,354.73
2023-09-04,385,74,WhatsApp,1.2,-25.4258,-50.0072,0,Palmeira,74.56
2020-08-13,386,38,WhatsApp,1.9,-24.1122,-49.4614,1,Sengés,479.31
2024-06-07,387,47,SMS,4.51,-25.2283,-50.5983,0,Imbituva,874.63
2023-10-17,388,45,WhatsApp,4.34,-25.8806,-50.8172,0,Mallet,83.4
2021-09-26,389,60,WhatsApp,3.15,-25.6261,-50.6889,0,Rebouças,707.15
2020-01-01,390,21,WhatsApp,3.83,-25.5469,-54.5882,0,Foz do Iguaçu,162.25
2022-03-07,391,80,SMS,2.18,-25.0916,-50.1669,1,Ponta Grossa,928.02
2023-11-02,392,44,telefone,4.52,-25.3658,-49.0764,0,Quatro Barras,567.41
2023-03-31,393,60,telefone,1.75,-24.7242,-53.7411,0,Toledo,948.25
2024-01-22,394,19,telefone,0.47,-24.6494,-50.8519,1,Reserva,348.95
2024-02-21,395,31,telefone,1.46,-24.5108,-50.4172,0,Tibagi,874.9
2024-08-24,396,76,WhatsApp,1.47,-23.3103,-51.1628,0,Londrina,825.56
2020-03-31,397,40,SMS,1.05,-24.1122,-49.4614,1,Sengés,174.02
2023-01-20,398,69,WhatsApp,4.13,-25.4103,-50.5461,0,Fernandes Pinheiro,984.14
2020-08-29,399,50,telefone,0.5,-25.5708,-51.0761,0,Inácio Martins,841.12
2021-03-04,400,54,telefone,2.43,-25.8679,-50.3831,0,São Mateus do Sul,924.29
2021-01-01,401,57,SMS,4.84,-25.1914,-50.8031,0,Guamiranga,556.27
2022-03-17,402,74,SMS,2.83,-25.4103,-50.5461,0,Fernandes Pinheiro,57.38
2021-08-31,403,43,telefone,1.72,-25.2112,-50.9783,0,Prudentópolis,665.15
2023-08-07,404,76,telefone,3.52,-25.8679,-50.3831,0,São Mateus do Sul,498.35
2024-10-01,405,48,Gmail,1.63,-23.3442,-52.0942,0,Mandaguaçu,90.87
2021-02-02,406,29,SMS,0.1,-7.8889,-37.12,1,,954.54
2024-04-08,407,32,SMS,0.39,-23.42,-51.9333,0,Maringá,866.89
2020-01-09,408,29,telefone,3.53,-24.1122,-49.4614,0,Sengés,756.09
2023-11-11,409,62,WhatsApp,0.45,-25.37,-50.4517,1,Teixeira Soares,817.22
2021-01-19,410,50,telefone,1.67,-25.4429,-49.0652,1,Piraquara,130.23
2023-02-18,411,18,SMS,3.08,-25.5161,-48.5225,0,Paranaguá,715.4
2022-09-03,412,41,telefone,3.14,-25.0067,-50.8567,0,Ivaí,698.64
2023-11-04,413,70,Gmail,2.06,-24.9555,-53.4553,0,Cascavel,790.76
2022-01-27,414,20,Gmail,0.85,-25.5851,-49.4047,1,Araucária,332.67
2022-01-29,415,62,Gmail,3.4,-23.3442,-52.0942,0,Mandaguaçu,90.24
2020-06-05,416,18,WhatsApp,1.47,-26.3378,-49.9092,1,Itaiópolis,830.06
2022-02-19,417,29,SMS,4.18,-25.8679,-50.3831,0,São Mateus do Sul,695.45
2023-08-20,418,43,WhatsApp,1.22,-24.1122,-49.4614,1,Sengés,519.16
2023-04-15,419,29,WhatsApp,4.96,-25.4297,-49.2719,0,Curitiba,301.83
2024-03-26,420,65,SMS,4.45,-25.8806,-50.8172,0,Mallet,264.83
2023-08-06,421,49,Gmail,4.03,-25.8806,-50.8172,0,Mallet,633.0
2020-08-25,422,36,SMS,4.09,-24.5108,-50.4172,0,Tibagi,914.55
2024-08-01,423,78,Gmail,4.16,-24.5108,-50.4172,0,Tibagi,405.47
2020-11-01,424,32,SMS,3.93,-7.8889,-37.12,0,,455.04
2024-07-29,425,44,WhatsApp,2.08,-25.2283,-50.5983,0,Imbituva,809.15
2024-07-05,426,61,SMS,2.57,-23.3442,-52.0942,0,Mandaguaçu,857.89
2021-06-23,427,45,WhatsApp,3.03,-25.0916,-50.1669,0,Ponta Grossa,529.2
2020-06-27,428,42,telefone,1.11,-25.1914,-50.8031,1,Guamiranga,798.15
2022-04-06,429,60,WhatsApp,4.8,-23.42,-51.9333,0,Maringá,80.65
2020-05-16,430,59,SMS,2.62,-24.9156,-50.0975,0,Carambeí,199.31
2021-12-04,431,38,SMS,1.03,-25.1914,-50.8031,1,Guamiranga,298.36
2020-02-09,432,38,WhatsApp,0.6,-25.5708,-51.0761,1,Inácio Martins,599.61
2023-08-06,433,73,SMS,2.03,-25.5708,-51.0761,1,Inácio Martins,105.48
2024-09-14,434,31,Gmail,3.65,-25.6261,-50.6889,0,Rebouças,882.39
2021-03-16,435,51,SMS,0.26,-24.1122,-49.4614,0,Sengés,280.9
2023-12-29,436,22,WhatsApp,0.2,-24.5108,-50.4172,1,Tibagi,619.09
2024-05-01,437,21,SMS,1.22,-25.5708,-51.0761,0,Inácio Martins,229.34
2024-08-06,438,73,WhatsApp,2.99,-25.5708,-51.0761,0,Inácio Martins,196.08
2021-12-08,439,68,telefone,3.45,-25.0067,-50.8567,0,Ivaí,559.03
2020-12-13,440,18,Gmail,0.3,-25.0067,-50.8567,0,Ivaí,911.6
2023-10-23,441,30,Gmail,4.77,-25.4258,-50.0072,0,Palmeira,987.66
2022-09-30,442,23,WhatsApp,2.23,-25.8679,-50.3831,0,São Mateus do Sul,883.24
2020-09-18,443,33,SMS,2.55,-25.8806,-50.8172,0,Mallet,531.55
2022-04-06,444,53,WhatsApp,1.71,-25.5708,-51.0761,1,Inácio Martins,676.52
2022-05-12,445,33,SMS,3.81,-25.5161,-48.5225,0,Paranaguá,152.0
2022-02-04,446,40,Gmail,3.13,-23.3442,-52.0942,0,Mandaguaçu,566.95
2020-05-07,447,67,WhatsApp,3.06,-25.4258,-50.0072,0,Palmeira,612.58
2023-06-15,448,71,telefone,4.9,-25.5851,-49.4047,0,Araucária,293.09
2020-02-19,449,52,SMS,1.82,-25.7775,-49.3278,1,Mandirituba,327.36
2021-02-02,450,75,WhatsApp,3.41,-24.6494,-50.8519,0,Reserva,635.06
2023-05-27,451,23,SMS,4.89,-25.4103,-50.5461,0,Fernandes Pinheiro,737.6
2022-07-09,452,28,telefone,1.66,-23.3103,-51.1628,0,Londrina,595.08
2021-03-17,453,37,telefone,2.04,-25.1914,-50.8031,0,Guamiranga,770.14
2021-12-05,454,45,SMS,2.39,-25.0916,-50.1669,1,Ponta Grossa,801.32
2023-08-03,455,59,Gmail,3.97,-25.0916,-50.1669,0,Ponta Grossa,810.05
2021-09-27,456,56,WhatsApp,3.12,-25.2917,-49.2243,0,Colombo,773.97
2023-10-18,457,51,WhatsApp,2.78,-25.0916,-50.1669,0,Ponta Grossa,537.98
2022-04-21,458,37,Gmail,4.83,-23.42,-51.9333,0,Maringá,273.58
2024-10-08,459,34,WhatsApp,3.41,-25.3907,-51.4622,0,Guarapuava,773.53
2021-05-16,460,26,SMS,0.68,-23.3442,-52.0942,0,Mandaguaçu,329.65
2022-06-25,461,44,telefone,1.36,-25.4103,-50.5461,1,Fernandes Pinheiro,733.35
2021-05-05,462,38,telefone,4.11,-25.2283,-50.5983,0,Imbituva,634.55
2020-12-13,463,79,WhatsApp,2.57,-25.5708,-51.0761,0,Inácio Martins,173.49
2024-08-17,464,39,SMS,1.5,-25.2283,-50.5983,1,Imbituva,917.01
2020-01-09,465,51,Gmail,4.47,-25.7775,-49.3278,0,Mandirituba,652.91
2020-09-21,466,61,Gmail,3.91,-24.9555,-53.4553,0,Cascavel,239.66
2022-08-12,467,30,telefone,1.26,-25.4297,-49.2719,1,Curitiba,382.69
2023-08-07,468,39,Gmail,0.33,-25.4103,-50.5461,1,Fernandes Pinheiro,955.67
2023-11-07,469,46,telefone,2.22,-25.5708,-51.0761,1,Inácio Martins,672.52
2023-03-26,470,57,SMS,1.31,-25.2283,-50.5983,0,Imbituva,736.3
2023-07-01,471,50,WhatsApp,2.08,-23.3442,-52.0942,0,Mandaguaçu,440.15
2024-08-18,472,61,telefone,0.04,-25.1914,-50.8031,1,Guamiranga,662.98
2020-07-03,473,58,SMS,1.38,-25.2112,-50.9783,1,Prudentópolis,932.52
2021-09-12,474,62,SMS,3.3,-25.3658,-49.0764,0,Quatro Barras,404.27
2020-10-13,475,19,WhatsApp,4.29,-25.5708,-51.0761,0,Inácio Martins,398.86
2021-08-22,476,18,WhatsApp,4.09,-25.5851,-49.4047,0,Araucária,92.3
2022-03-18,477,34,telefone,2.59,-25.5851,-49.4047,0,Araucária,996.36
2021-06-14,478,66,telefone,1.41,-25.8679,-50.3831,0,São Mateus do Sul,873.87
2020-05-21,479,57,telefone,0.29,-25.3658,-49.0764,1,Quatro Barras,103.57
2020-10-26,480,72,SMS,3.63,-25.3907,-51.4622,0,Guarapuava,201.12
2022-07-13,481,26,SMS,0.31,-25.2283,-50.5983,1,Imbituva,68.11
2023-08-27,482,48,telefone,1.46,-25.5708,-51.0761,1,Inácio Martins,425.91
2020-10-04,483,59,SMS,0.08,-25.1914,-50.8031,1,Guamiranga,956.58
2023-05-09,484,42,telefone,1.13,-25.2917,-49.2243,0,Colombo,836.4
2023-11-20,485,43,telefone,2.33,-24.6494,-50.8519,0,Reserva,301.21
2022-09-04,486,41,SMS,2.73,-25.3658,-49.0764,0,Quatro Barras,594.68
2023-06-21,487,61,Gmail,0.56,-24.9555,-53.4553,1,Cascavel,397.57
2021-08-27,488,57,Gmail,0.84,-25.5161,-48.5225,1,Paranaguá,803.11
2022-04-13,489,77,WhatsApp,4.98,-25.2917,-49.2243,0,Colombo,491.33
2023-09-09,490,69,telefone,4.42,-23.3103,-51.1628,0,Londrina,539.8
2020-07-25,491,20,telefone,3.12,-25.4103,-50.5461,0,Fernandes Pinheiro,945.46
2020-07-16,492,67,Gmail,1.55,-25.5161,-48.5225,1,Paranaguá,693.34
2021-06-09,493,42,Gmail,4.98,-25.4297,-49.2719,0,Curitiba,745.41
2020-06-13,494,34,SMS,4.74,-26.3378,-49.9092,0,Itaiópolis,832.13
2020-04-09,495,72,telefone,0.18,-23.3103,-51.1628,1,Londrina,764.44
2021-10-20,496,60,telefone,1.26,-24.1122,-49.4614,0,Sengés,767.64
2021-05-22,497,76,SMS,2.91,-24.6494,-50.8519,0,Reserva,272.07
2022-12-20,498,21,WhatsApp,1.55,-25.5469,-54.5882,0,Foz do Iguaçu,907.89
2024-09-18,499,42,SMS,4.81,-25.5469,-54.5882,0,Foz do Iguaçu,881.99
2021-09-17,500,42,WhatsApp,2.78,-25.0067,-50.8567,0,Ivaí,416.96
2021-04-16,501,57,SMS,3.87,-25.5469,-54.5882,0,Foz do Iguaçu,707.35
2024-05-15,502,36,Gmail,1.17,-25.4525,-49.5286,0,Campo Largo,541.06
2021-01-04,503,36,WhatsApp,3.64,-24.6494,-50.8519,0,Reserva,617.04
2023-05-16,504,24,Gmail,2.18,-25.4258,-50.0072,0,Palmeira,522.19
2022-09-06,505,55,WhatsApp,3.42,-25.8679,-50.3831,0,São Mateus do Sul,351.66
2022-04-09,506,66,telefone,0.48,-25.4297,-49.2719,0,Curitiba,342.99
2021-01-25,507,25,SMS,4.85,-25.4525,-49.5286,0,Campo Largo,372.72
2020-03-03,508,63,WhatsApp,2.06,-25.5161,-48.5225,1,Paranaguá,315.19
2023-08-22,509,23,SMS,0.68,-23.3103,-51.1628,0,Londrina,731.76
2023-05-14,510,40,Gmail,3.86,-24.6494,-50.8519,0,Reserva,809.03
2023-01-12,511,50,WhatsApp,2.71,-24.5108,-50.4172,0,Tibagi,414.44
2021-12-04,512,35,WhatsApp,1.38,-25.37,-50.4517,0,Teixeira Soares,435.42
2023-12-30,513,77,WhatsApp,3.66,-25.8679,-50.3831,0,São Mateus do Sul,366.97
2021-07-23,514,33,Gmail,1.84,-24.7242,-53.7411,1,Toledo,411.92
2020-03-29,515,30,SMS,4.44,-23.3442,-52.0942,0,Mandaguaçu,910.98
2023-11-20,516,63,SMS,4.37,-24.6494,-50.8519,0,Reserva,550.43
2023-04-10,517,27,Gmail,0.83,-25.0067,-50.8567,0,Ivaí,446.56
2020-02-16,518,32,WhatsApp,3.24,-23.3103,-51.1628,0,Londrina,301.17
2020-01-14,519,20,telefone,1.31,-25.2917,-49.2243,1,Colombo,870.81
2023-06-20,520,28,WhatsApp,0.01,-25.3907,-51.4622,1,Guarapuava,440.7
2022-09-16,521,65,SMS,1.83,-25.37,-50.4517,0,Teixeira Soares,825.25
2022-05-16,522,80,WhatsApp,0.03,-24.9156,-50.0975,0,Carambeí,52.81
2022-12-23,523,41,Gmail,4.4,-24.6494,-50.8519,0,Reserva,302.82
2021-03-04,524,22,Gmail,4.92,-25.2283,-50.5983,0,Imbituva,681.42
2022-01-03,525,24,WhatsApp,3.55,-25.2283,-50.5983,0,Imbituva,832.53
2024-04-05,526,24,WhatsApp,2.82,-25.0916,-50.1669,0,Ponta Grossa,935.23
2022-03-01,527,64,SMS,4.32,-25.4103,-50.5461,0,Fernandes Pinheiro,135.24
2020-11-13,528,52,telefone,2.76,-25.4429,-49.0652,0,Piraquara,410.95
2023-03-05,529,70,telefone,2.17,-23.3442,-52.0942,0,Mandaguaçu,586.94
2024-05-05,530,56,SMS,3.08,-25.4525,-49.5286,0,Campo Largo,378.41
2024-02-15,531,72,WhatsApp,4.35,-23.42,-51.9333,0,Maringá,812.23
2024-08-01,532,28,telefone,3.07,-25.0067,-50.8567,0,Ivaí,179.08
2021-12-15,533,68,telefone,4.63,-25.0916,-50.1669,0,Ponta Grossa,230.83
2021-10-10,534,63,WhatsApp,2.09,-25.6261,-50.6889,0,Rebouças,433.32
2023-01-12,535,21,telefone,4.16,-25.3907,-51.4622,0,Guarapuava,351.2
2022-04-20,536,63,telefone,0.93,-25.54,-49.8989,1,Porto Amazonas,589.07
2023-11-25,537,77,telefone,2.78,-24.7242,-53.7411,0,Toledo,943.31
2024-04-05,538,37,SMS,1.23,-25.0916,-50.1669,0,Ponta Grossa,347.25
2024-09-19,539,77,WhatsApp,3.51,-25.6261,-50.6889,0,Rebouças,161.97
2023-05-10,540,35,SMS,3.11,-25.7775,-49.3278,0,Mandirituba,809.16
2021-09-29,541,27,Gmail,3.49,-26.3378,-49.9092,0,Itaiópolis,310.57
2023-02-08,542,57,Gmail,2.77,-26.3378,-49.9092,0,Itaiópolis,947.74
2024-05-01,543,27,WhatsApp,0.4,-24.5108,-50.4172,1,Tibagi,269.1
2020-01-27,544,35,WhatsApp,3.36,-23.3442,-52.0942,0,Mandaguaçu,478.38
2022-06-21,545,80,Gmail,1.13,-24.5108,-50.4172,0,Tibagi,247.61
2024-08-28,546,35,WhatsApp,2.42,-23.3103,-51.1628,1,Londrina,347.65
2020-11-24,547,29,Gmail,0.9,-23.42,-51.9333,1,Maringá,768.31
2020-05-24,548,64,telefone,4.73,-25.5161,-48.5225,0,Paranaguá,901.96
2021-07-17,549,36,WhatsApp,2.43,-24.5108,-50.4172,0,Tibagi,726.49
2020-04-23,550,74,telefone,0.77,-25.2283,-50.5983,1,Imbituva,469.61
2022-09-04,551,40,WhatsApp,2.43,-23.9369,-46.325,0,,539.26
2022-04-01,552,57,telefone,0.51,-25.7325,-50.7989,0,Rio Azul,121.59
2022-08-24,553,19,WhatsApp,0.41,-25.0067,-50.8567,0,Ivaí,350.91
2021-05-31,554,46,Gmail,2.9,-25.0916,-50.1669,0,Ponta Grossa,992.08
2023-07-30,555,23,WhatsApp,3.94,-23.3103,-51.1628,0,Londrina,360.87
2022-06-08,556,59,SMS,0.22,-25.4525,-49.5286,1,Campo Largo,963.77
2020-05-06,557,49,SMS,4.23,-23.3442,-52.0942,0,Mandaguaçu,233.48
2024-06-10,558,27,SMS,3.85,-25.3907,-51.4622,0,Guarapuava,789.91
2024-07-13,559,76,telefone,0.79,-25.37,-50.4517,1,Teixeira Soares,179.5
2021-05-03,560,68,telefone,4.11,-24.6494,-50.8519,0,Reserva,621.36
2023-08-21,561,23,Gmail,0.89,-25.3658,-49.0764,1,Quatro Barras,746.1
2023-06-24,562,31,telefone,1.48,-23.3103,-51.1628,0,Londrina,489.75
2023-11-29,563,68,WhatsApp,1.5,-24.7242,-53.7411,1,Toledo,393.19
2022-08-31,564,33,SMS,1.12,-23.42,-51.9333,1,Maringá,803.57
2021-11-04,565,35,WhatsApp,1.29,-25.0067,-50.8567,0,Ivaí,242.74
2021-05-24,566,26,Gmail,4.89,-25.6261,-50.6889,0,Rebouças,327.23
2024-07-06,567,29,Gmail,3.22,-24.7242,-53.7411,0,Toledo,922.4
2020-12-25,568,22,SMS,0.23,-25.2283,-50.5983,1,Imbituva,153.96
2024-03-10,569,66,telefone,2.68,-25.2283,-50.5983,0,Imbituva,985.01
2024-04-07,570,58,Gmail,2.63,-25.0067,-50.8567,0,Ivaí,989.31
2022-09-26,571,43,Gmail,4.72,-25.0067,-50.8567,0,Ivaí,123.74
2023-01-10,572,34,SMS,4.48,-23.9369,-46.325,0,,827.86
2021-06-18,573,34,telefone,4.18,-25.8679,-50.3831,0,São Mateus do Sul,979.68
2021-05-15,574,40,SMS,0.15,-25.4103,-50.5461,0,Fernandes Pinheiro,708.26
2023-02-07,575,68,WhatsApp,3.79,-25.2917,-49.2243,0,Colombo,163.98
2022-03-09,576,38,Gmail,1.26,-24.7242,-53.7411,0,Toledo,568.85
2022-04-15,577,44,SMS,4.67,-23.3442,-52.0942,0,Mandaguaçu,848.82
2020-11-15,578,37,Gmail,3.82,-25.2917,-49.2243,0,Colombo,343.07
2023-07-05,579,42,SMS,3.9,-26.3378,-49.9092,0,Itaiópolis,940.87
2020-12-13,580,54,WhatsApp,3.78,-25.37,-50.4517,0,Teixeira Soares,139.5
2020-12-18,581,39,WhatsApp,4.2,-24.7242,-53.7411,0,Toledo,493.0
2024-09-29,582,36,telefone,4.96,-25.37,-50.4517,0,Teixeira Soares,907.3
2023-07-09,583,56,SMS,1.18,-25.4429,-49.0652,0,Piraquara,500.71
2022-10-14,584,78,telefone,1.14,-24.7242,-53.7411,0,Toledo,922.55
2020-03-03,585,43,SMS,4.8,-25.2917,-49.2243,0,Colombo,961.1
2024-08-23,586,71,Gmail,3.18,-7.8889,-37.12,0,,172.98
2021-11-30,587,71,SMS,1.88,-24.9156,-50.0975,1,Carambeí,259.39
2020-03-02,588,30,telefone,4.97,-25.8806,-50.8172,0,Mallet,414.02
2020-07-01,589,69,SMS,1.99,-25.4525,-49.5286,0,Campo Largo,558.11
2021-07-18,590,43,telefone,1.41,-25.4525,-49.5286,1,Campo Largo,211.24
2024-05-17,591,63,WhatsApp,1.84,-24.9555,-53.4553,0,Cascavel,276.51
2021-05-19,592,27,Gmail,4.87,-25.5851,-49.4047,0,Araucária,827.13
2024-04-10,593,74,Gmail,3.45,-25.4103,-50.5461,0,Fernandes Pinheiro,182.2
2023-10-04,594,58,Gmail,0.2,-25.8806,-50.8172,0,Mallet,234.06
2021-01-12,595,33,SMS,1.27,-25.4429,-49.0652,1,Piraquara,169.63
2021-01-22,596,80,Gmail,0.87,-25.3658,-49.0764,0,Quatro Barras,109.66
2022-11-13,597,61,WhatsApp,4.82,-25.37,-50.4517,0,Teixeira Soares,490.0
2021-08-09,598,30,Gmail,4.62,-25.8806,-50.8172,0,Mallet,738.95
2020-02-21,599,69,WhatsApp,2.93,-25.5851,-49.4047,0,Araucária,500.5
2023-02-14,600,34,telefone,4.47,-25.54,-49.8989,0,Porto Amazonas,402.18
2024-01-13,601,57,SMS,1.06,-24.5108,-50.4172,1,Tibagi,98.06
2024-03-04,602,51,SMS,1.9,-25.8679,-50.3831,0,São Mateus do Sul,716.28
2021-11-21,603,20,SMS,0.41,-24.5108,-50.4172,0,Tibagi,88.89
2021-04-15,604,75,SMS,1.89,-25.6261,-50.6889,0,Rebouças,621.37
2023-06-16,605,53,Gmail,4.09,-25.37,-50.4517,0,Teixeira Soares,701.19
2023-07-13,606,26,Gmail,2.94,-23.9369,-46.325,0,,785.4
2024-01-20,607,28,WhatsApp,4.02,-24.9156,-50.0975,0,Carambeí,376.95
2023-12-28,608,35,SMS,0.41,-23.9369,-46.325,1,,161.76
2023-03-09,609,53,Gmail,3.25,-23.3103,-51.1628,0,Londrina,757.64
2024-04-17,610,49,Gmail,4.18,-25.4297,-49.2719,0,Curitiba,560.45
2023-09-26,611,40,WhatsApp,3.44,-24.9555,-53.4553,0,Cascavel,604.47
2023-04-13,612,66,SMS,0.26,-25.54,-49.8989,1,Porto Amazonas,509.15
2020-08-05,613,20,SMS,4.24,-25.4429,-49.0652,0,Piraquara,798.84
2020-01-13,614,43,Gmail,2.35,-24.1122,-49.4614,1,Sengés,914.03
2021-11-26,615,50,WhatsApp,3.57,-24.7242,-53.7411,0,Toledo,224.87
2024-09-08,616,42,Gmail,2.06,-25.3658,-49.0764,1,Quatro Barras,948.32
2023-05-19,617,37,WhatsApp,0.17,-25.4258,-50.0072,1,Palmeira,487.23
2020-05-25,618,32,Gmail,3.77,-7.8889,-37.12,0,,141.97
2023-08-14,619,38,telefone,0.09,-24.7242,-53.7411,0,Toledo,943.07
2024-08-25,620,43,SMS,0.14,-25.3907,-51.4622,0,Guarapuava,901.29
2021-12-11,621,41,Gmail,0.96,-25.7775,-49.3278,1,Mandirituba,205.95
2023-07-29,622,39,SMS,4.49,-26.3378,-49.9092,0,Itaiópolis,128.25
2023-04-29,623,73,Gmail,4.1,-24.6494,-50.8519,0,Reserva,965.2
2022-08-25,624,34,SMS,0.83,-24.7242,-53.7411,0,Toledo,451.96
2021-01-31,625,48,Gmail,2.16,-25.3907,-51.4622,0,Guarapuava,587.9
2024-04-30,626,69,Gmail,3.67,-24.5108,-50.4172,0,Tibagi,343.59
2021-05-19,627,70,telefone,1.2,-25.37,-50.4517,0,Teixeira Soares,190.73
2020-02-03,628,37,telefone,0.32,-25.5161,-48.5225,0,Paranaguá,405.85
2020-09-13,629,29,SMS,4.1,-23.3442,-52.0942,0,Mandaguaçu,166.84
2020-09-12,630,27,SMS,3.33,-25.5161,-48.5225,0,Paranaguá,69.98
2024-02-07,631,19,telefone,1.0,-23.42,-51.9333,0,Maringá,335.31
2023-01-01,632,28,Gmail,0.02,-25.0916,-50.1669,0,Ponta Grossa,346.09
2020-11-24,633,76,SMS,4.38,-25.0916,-50.1669,0,Ponta Grossa,995.1
2022-09-08,634,42,Gmail,3.65,-25.4103,-50.5461,0,Fernandes Pinheiro,88.86
2024-06-30,635,58,WhatsApp,3.21,-24.9156,-50.0975,0,Carambeí,223.2
2022-12-07,636,28,Gmail,0.78,-24.9156,-50.0975,0,Carambeí,620.32
2021-10-08,637,51,SMS,2.14,-25.5161,-48.5225,0,Paranaguá,126.83
2024-09-01,638,59,telefone,1.7,-25.1914,-50.8031,0,Guamiranga,764.18
2021-11-07,639,52,SMS,1.94,-25.7775,-49.3278,0,Mandirituba,983.01
2020-05-17,640,42,Gmail,3.92,-23.3442,-52.0942,0,Mandaguaçu,797.84
2024-07-21,641,46,Gmail,1.22,-24.9555,-53.4553,0,Cascavel,207.97
2022-08-01,642,44,WhatsApp,1.75,-25.2283,-50.5983,1,Imbituva,629.03
2024-07-06,643,68,WhatsApp,3.8,-25.8679,-50.3831,0,São Mateus do Sul,138.23
2021-08-23,644,71,WhatsApp,4.19,-25.4103,-50.5461,0,Fernandes Pinheiro,975.14
2021-12-25,645,21,telefone,2.53,-25.54,-49.8989,0,Porto Amazonas,296.09
2020-12-28,646,65,WhatsApp,1.51,-25.0916,-50.1669,0,Ponta Grossa,423.35
2021-11-06,647,44,WhatsApp,0.26,-25.5469,-54.5882,0,Foz do Iguaçu,215.52
2022-03-20,648,34,Gmail,4.5,-25.4297,-49.2719,0,Curitiba,344.18
2020-11-11,649,61,SMS,1.52,-25.0916,-50.1669,0,Ponta Grossa,430.81
2021-09-27,650,23,telefone,1.98,-24.6494,-50.8519,1,Reserva,858.67
2022-06-25,651,66,telefone,0.4,-25.5708,-51.0761,1,Inácio Martins,934.85
2021-05-12,652,65,WhatsApp,1.73,-23.3442,-52.0942,0,Mandaguaçu,725.89
2023-01-30,653,62,Gmail,0.45,-25.5469,-54.5882,1,Foz do Iguaçu,504.32
2020-01-06,654,51,telefone,4.58,-25.1914,-50.8031,0,Guamiranga,526.56
2023-09-29,655,62,telefone,0.45,-25.5851,-49.4047,0,Araucária,269.65
2021-03-30,656,46,WhatsApp,0.06,-25.5708,-51.0761,1,Inácio Martins,769.32
2023-03-08,657,79,SMS,4.92,-25.2917,-49.2243,0,Colombo,107.84
2022-10-19,658,80,telefone,1.24,-24.1122,-49.4614,1,Sengés,983.68
2022-03-12,659,56,telefone,4.39,-25.8679,-50.3831,0,São Mateus do Sul,329.15
2020-10-11,660,44,Gmail,2.06,-25.4103,-50.5461,0,Fernandes Pinheiro,862.96
2020-09-24,661,65,SMS,0.53,-23.42,-51.9333,0,Maringá,368.25
2022-05-14,662,64,Gmail,2.53,-24.7242,-53.7411,0,Toledo,501.46
2021-10-03,663,30,SMS,0.74,-25.8679,-50.3831,0,São Mateus do Sul,301.51
2022-07-28,664,77,WhatsApp,2.75,-25.4429,-49.0652,0,Piraquara,657.74
2024-07-12,665,34,WhatsApp,3.88,-25.4297,-49.2719,0,Curitiba,867.13
2022-06-06,666,35,WhatsApp,2.27,-25.5161,-48.5225,1,Paranaguá,528.04
2020-10-06,667,26,Gmail,1.13,-25.54,-49.8989,1,Porto Amazonas,829.28
2020-05-03,668,50,WhatsApp,0.98,-25.3907,-51.4622,1,Guarapuava,390.92
2023-07-22,669,73,telefone,4.15,-25.6261,-50.6889,0,Rebouças,649.06
2024-03-21,670,65,SMS,4.07,-25.3907,-51.4622,0,Guarapuava,846.1
2020-11-20,671,56,telefone,1.59,-25.2283,-50.5983,1,Imbituva,452.28
2020-12-17,672,57,WhatsApp,1.61,-25.4103,-50.5461,1,Fernandes Pinheiro,651.1
2024-06-10,673,70,Gmail,0.0,-25.2283,-50.5983,1,Imbituva,409.65
2024-01-26,674,74,SMS,2.12,-24.6494,-50.8519,1,Reserva,750.68
2022-08-25,675,71,telefone,0.47,-25.37,-50.4517,0,Teixeira Soares,860.2
2024-06-04,676,45,WhatsApp,1.0,-24.7242,-53.7411,1,Toledo,296.06
2024-08-10,677,66,Gmail,1.11,-25.5161,-48.5225,1,Paranaguá,67.69
2020-10-31,678,49,WhatsApp,0.33,-24.7242,-53.7411,1,Toledo,483.77
2024-02-09,679,53,Gmail,2.85,-25.6261,-50.6889,0,Rebouças,649.55
2020-09-23,680,52,SMS,3.61,-25.4258,-50.0072,0,Palmeira,615.06
2023-02-13,681,23,WhatsApp,0.49,-25.37,-50.4517,0,Teixeira Soares,697.86
2023-02-21,682,73,WhatsApp,1.17,-25.5161,-48.5225,0,Paranaguá,872.04
2023-10-18,683,25,Gmail,0.29,-25.5708,-51.0761,0,Inácio Martins,520.56
2020-08-18,684,37,telefone,2.65,-25.0916,-50.1669,0,Ponta Grossa,910.08
2022-05-15,685,56,SMS,2.1,-25.0916,-50.1669,0,Ponta Grossa,258.74
2021-08-23,686,67,Gmail,1.64,-24.7242,-53.7411,0,Toledo,706.53
2024-03-10,687,56,WhatsApp,1.88,-25.0916,-50.1669,0,Ponta Grossa,653.4
2022-04-29,688,44,SMS,0.93,-25.0916,-50.1669,0,Ponta Grossa,218.55
2024-03-06,689,51,WhatsApp,4.91,-25.54,-49.8989,0,Porto Amazonas,233.49
2021-12-02,690,73,Gmail,3.3,-23.42,-51.9333,0,Maringá,462.06
2024-04-17,691,61,WhatsApp,3.35,-25.5469,-54.5882,0,Foz do Iguaçu,918.85
2020-03-29,692,59,Gmail,3.1,-25.54,-49.8989,0,Porto Amazonas,923.17
2022-12-21,693,24,telefone,3.0,-25.5161,-48.5225,0,Paranaguá,465.27
2022-11-17,694,72,telefone,2.3,-25.6261,-50.6889,0,Rebouças,944.4
2020-10-24,695,21,WhatsApp,3.62,-25.5851,-49.4047,0,Araucária,822.6
2021-10-28,696,67,SMS,2.97,-25.5161,-48.5225,0,Paranaguá,478.97
2021-08-01,697,30,telefone,0.46,-25.6261,-50.6889,1,Rebouças,775.46
2021-10-23,698,33,SMS,0.5,-25.3658,-49.0764,0,Quatro Barras,224.51
2023-02-07,699,56,SMS,2.55,-25.5161,-48.5225,0,Paranaguá,760.15
2022-01-13,700,31,Gmail,0.48,-7.8889,-37.12,0,,874.69
2024-07-06,701,54,SMS,1.61,-25.2112,-50.9783,0,Prudentópolis,960.52
2022-03-03,702,31,SMS,1.19,-24.9156,-50.0975,1,Carambeí,806.53
2021-07-08,703,64,WhatsApp,3.3,-25.5469,-54.5882,0,Foz do Iguaçu,996.29
2021-07-02,704,66,telefone,4.64,-24.1122,-49.4614,0,Sengés,843.49
2021-08-23,705,66,SMS,4.57,-23.3442,-52.0942,0,Mandaguaçu,394.42
2021-09-17,706,79,Gmail,1.79,-25.37,-50.4517,0,Teixeira Soares,392.43
2022-05-16,707,43,SMS,3.42,-25.2112,-50.9783,0,Prudentópolis,517.72
2024-04-29,708,29,SMS,0.59,-25.0067,-50.8567,0,Ivaí,763.22
2023-04-26,709,50,WhatsApp,3.97,-25.2112,-50.9783,0,Prudentópolis,781.84
2024-09-04,710,23,telefone,2.44,-25.4297,-49.2719,0,Curitiba,567.79
2022-12-29,711,46,SMS,4.76,-26.3378,-49.9092,0,Itaiópolis,888.85
2022-01-02,712,36,WhatsApp,3.31,-25.7775,-49.3278,0,Mandirituba,663.53
2024-08-07,713,58,Gmail,1.54,-25.2112,-50.9783,0,Prudentópolis,820.02
2023-08-21,714,64,telefone,0.53,-24.9156,-50.0975,0,Carambeí,218.23
2022-06-04,715,33,telefone,1.85,-25.4525,-49.5286,0,Campo Largo,906.84
2020-09-30,716,53,telefone,2.27,-23.42,-51.9333,0,Maringá,808.59
2023-06-23,717,71,telefone,4.32,-25.4525,-49.5286,0,Campo Largo,734.51
2021-04-30,718,45,WhatsApp,0.1,-25.8679,-50.3831,1,São Mateus do Sul,831.16
2023-05-13,719,39,telefone,2.97,-25.4297,-49.2719,0,Curitiba,702.42
2021-08-30,720,72,Gmail,3.12,-25.37,-50.4517,0,Teixeira Soares,713.8
2020-12-15,721,52,Gmail,0.95,-23.3103,-51.1628,0,Londrina,391.91
2023-12-11,722,56,telefone,2.2,-25.5708,-51.0761,0,Inácio Martins,484.29
2020-04-22,723,65,Gmail,2.14,-24.7242,-53.7411,0,Toledo,300.05
2020-12-21,724,75,WhatsApp,4.59,-25.37,-50.4517,0,Teixeira Soares,539.54
2021-07-26,725,26,telefone,0.77,-25.2283,-50.5983,0,Imbituva,728.87
2021-09-08,726,32,Gmail,1.85,-25.3907,-51.4622,0,Guarapuava,577.81
2024-07-03,727,39,Gmail,4.21,-25.4429,-49.0652,0,Piraquara,623.26
2021-01-17,728,54,telefone,2.36,-25.8679,-50.3831,0,São Mateus do Sul,810.61
2023-07-07,729,21,telefone,3.09,-25.5469,-54.5882,0,Foz do Iguaçu,167.94
2023-05-18,730,69,WhatsApp,3.83,-24.1122,-49.4614,0,Sengés,202.24
2022-05-26,731,58,Gmail,1.6,-24.9555,-53.4553,0,Cascavel,289.85
2023-12-28,732,26,Gmail,4.79,-25.4297,-49.2719,0,Curitiba,715.03
2022-02-25,733,59,telefone,3.82,-25.7775,-49.3278,0,Mandirituba,907.36
2024-04-10,734,36,WhatsApp,1.36,-25.3907,-51.4622,1,Guarapuava,612.34
2023-12-12,735,77,SMS,1.09,-25.54,-49.8989,1,Porto Amazonas,993.34
2020-09-25,736,38,WhatsApp,2.14,-25.1914,-50.8031,0,Guamiranga,243.58
2022-02-21,737,52,WhatsApp,0.15,-25.3907,-51.4622,1,Guarapuava,805.23
2023-10-06,738,44,Gmail,0.48,-25.4258,-50.0072,1,Palmeira,158.64
2020-01-06,739,47,telefone,4.61,-25.4258,-50.0072,0,Palmeira,380.26
2022-02-02,740,21,Gmail,1.83,-25.5161,-48.5225,0,Paranaguá,628.63
2020-04-23,741,56,telefone,1.02,-25.54,-49.8989,0,Porto Amazonas,792.0
2020-03-18,742,60,telefone,0.6,-25.4103,-50.5461,1,Fernandes Pinheiro,214.46
2024-04-07,743,71,SMS,3.29,-25.4103,-50.5461,0,Fernandes Pinheiro,464.69
2024-09-20,744,21,SMS,2.44,-25.4525,-49.5286,1,Campo Largo,64.76
2023-07-08,745,35,SMS,4.88,-25.4103,-50.5461,0,Fernandes Pinheiro,903.97
2020-03-13,746,29,telefone,3.33,-25.2283,-50.5983,0,Imbituva,279.23
2022-12-03,747,34,WhatsApp,1.54,-25.3658,-49.0764,1,Quatro Barras,542.66
2021-09-22,748,35,telefone,2.17,-24.1122,-49.4614,1,Sengés,886.58
2021-11-13,749,59,Gmail,0.68,-23.42,-51.9333,0,Maringá,551.91
2021-09-19,750,78,Gmail,1.97,-25.4258,-50.0072,1,Palmeira,490.4
2021-05-23,751,60,SMS,1.1,-24.5108,-50.4172,0,Tibagi,294.66
2024-04-07,752,63,telefone,3.62,-23.3442,-52.0942,0,Mandaguaçu,537.7
2021-03-25,753,39,SMS,4.33,-25.37,-50.4517,0,Teixeira Soares,517.82
2023-05-01,754,42,Gmail,2.27,-25.7325,-50.7989,0,Rio Azul,387.44
2023-12-21,755,35,WhatsApp,1.56,-24.7242,-53.7411,1,Toledo,651.93
2021-04-19,756,22,telefone,0.41,-24.1122,-49.4614,1,Sengés,132.02
2024-09-28,757,41,telefone,2.83,-25.2917,-49.2243,0,Colombo,767.3
2020-06-23,758,68,WhatsApp,3.77,-23.42,-51.9333,0,Maringá,661.89
2024-08-28,759,62,telefone,1.21,-23.42,-51.9333,1,Maringá,415.39
2022-06-25,760,44,telefone,3.12,-25.2283,-50.5983,0,Imbituva,71.18
2021-07-27,761,35,telefone,1.26,-25.8679,-50.3831,1,São Mateus do Sul,666.34
2022-02-13,762,50,WhatsApp,0.74,-25.6261,-50.6889,0,Rebouças,70.38
2020-11-26,763,41,telefone,2.62,-26.3378,-49.9092,0,Itaiópolis,508.31
2021-08-20,764,52,telefone,4.07,-25.5469,-54.5882,0,Foz do Iguaçu,504.59
2020-06-29,765,25,SMS,2.78,-23.42,-51.9333,0,Maringá,731.31
2023-02-10,766,28,Gmail,2.23,-25.2917,-49.2243,0,Colombo,118.76
2021-07-09,767,77,SMS,2.55,-25.5708,-51.0761,0,Inácio Martins,496.83
2023-07-26,768,34,WhatsApp,4.15,-24.1122,-49.4614,0,Sengés,817.15
2022-12-12,769,63,Gmail,2.45,-24.9555,-53.4553,1,Cascavel,386.92
2023-03-13,770,36,SMS,2.64,-24.5108,-50.4172,0,Tibagi,617.13
2021-10-02,771,78,WhatsApp,0.45,-25.54,-49.8989,1,Porto Amazonas,897.48
2023-07-24,772,33,WhatsApp,2.82,-24.5108,-50.4172,0,Tibagi,642.96
2021-01-09,773,49,SMS,4.37,-25.4258,-50.0072,0,Palmeira,528.2
2022-01-04,774,65,Gmail,3.23,-24.9156,-50.0975,0,Carambeí,412.92
2023-08-22,775,63,telefone,4.19,-7.8889,-37.12,0,,177.11
2022-07-15,776,42,Gmail,0.99,-24.6494,-50.8519,1,Reserva,948.52
2020-06-29,777,34,SMS,1.85,-25.4297,-49.2719,0,Curitiba,53.95
2022-07-31,778,51,SMS,2.01,-25.7775,-49.3278,0,Mandirituba,510.54
2023-07-05,779,70,SMS,1.32,-25.5469,-54.5882,0,Foz do Iguaçu,609.44
2021-08-02,780,48,telefone,1.58,-24.1122,-49.4614,1,Sengés,809.6
2023-08-15,781,43,telefone,4.51,-24.9555,-53.4553,0,Cascavel,176.95
2024-04-02,782,72,Gmail,4.53,-24.9156,-50.0975,0,Carambeí,673.28
2024-05-09,783,19,WhatsApp,3.27,-25.2283,-50.5983,0,Imbituva,530.62
2023-08-16,784,54,WhatsApp,0.8,-25.37,-50.4517,1,Teixeira Soares,412.92
2022-07-08,785,50,WhatsApp,1.1,-25.4103,-50.5461,1,Fernandes Pinheiro,862.84
2022-07-13,786,44,WhatsApp,4.39,-25.7325,-50.7989,0,Rio Azul,250.88
2021-01-29,787,79,WhatsApp,4.56,-24.5108,-50.4172,0,Tibagi,421.62
2024-04-15,788,58,WhatsApp,4.58,-23.3103,-51.1628,0,Londrina,615.79
2021-05-15,789,58,SMS,2.99,-25.5161,-48.5225,0,Paranaguá,193.95
2021-06-07,790,36,telefone,0.74,-24.9555,-53.4553,0,Cascavel,432.48
2024-08-30,791,71,Gmail,1.89,-25.5469,-54.5882,0,Foz do Iguaçu,112.8
2022-09-06,792,57,WhatsApp,2.06,-24.7242,-53.7411,0,Toledo,495.42
2024-09-29,793,61,Gmail,4.52,-24.5108,-50.4172,0,Tibagi,569.14
2024-08-08,794,52,SMS,1.98,-25.4103,-50.5461,0,Fernandes Pinheiro,315.42
2021-12-05,795,51,SMS,1.41,-25.3907,-51.4622,0,Guarapuava,750.16
2020-05-20,796,76,Gmail,0.7,-25.8679,-50.3831,1,São Mateus do Sul,528.66
2023-06-23,797,66,telefone,2.7,-24.9156,-50.0975,0,Carambeí,442.89
2024-02-02,798,78,Gmail,2.14,-25.37,-50.4517,1,Teixeira Soares,878.59
2022-10-30,799,72,WhatsApp,2.31,-24.7242,-53.7411,1,Toledo,63.99
2021-01-31,800,72,Gmail,4.42,-25.54,-49.8989,0,Porto Amazonas,840.87
2020-08-02,801,25,WhatsApp,3.59,-25.2112,-50.9783,0,Prudentópolis,592.22
2021-12-11,802,58,SMS,4.36,-25.7775,-49.3278,0,Mandirituba,662.23
2022-04-17,803,73,telefone,1.95,-25.54,-49.8989,0,Porto Amazonas,831.0
2023-10-24,804,24,SMS,0.99,-25.37,-50.4517,0,Teixeira Soares,685.85
2022-07-28,805,35,WhatsApp,0.86,-7.8889,-37.12,1,,50.51
2024-01-02,806,74,Gmail,1.59,-25.7325,-50.7989,0,Rio Azul,197.07
2023-05-20,807,52,WhatsApp,0.95,-25.2112,-50.9783,0,Prudentópolis,81.67
2020-07-11,808,43,telefone,4.5,-25.4297,-49.2719,0,Curitiba,839.32
2022-01-20,809,23,WhatsApp,1.03,-24.9555,-53.4553,0,Cascavel,650.63
2022-06-20,810,54,Gmail,2.99,-25.3658,-49.0764,0,Quatro Barras,202.52
2024-01-20,811,55,Gmail,1.86,-25.0067,-50.8567,1,Ivaí,395.24
2020-12-21,812,53,telefone,3.47,-25.37,-50.4517,0,Teixeira Soares,912.0
2021-04-15,813,33,WhatsApp,0.01,-25.37,-50.4517,0,Teixeira Soares,496.54
2020-10-18,814,43,SMS,1.11,-26.3378,-49.9092,1,Itaiópolis,846.04
2020-09-21,815,22,Gmail,2.35,-24.7242,-53.7411,1,Toledo,139.66
2023-06-30,816,33,SMS,3.31,-24.6494,-50.8519,0,Reserva,855.45
2022-08-08,817,69,SMS,4.39,-25.0916,-50.1669,0,Ponta Grossa,343.47
2021-09-27,818,39,Gmail,0.34,-24.7242,-53.7411,0,Toledo,686.54
2023-02-28,819,22,telefone,4.64,-23.42,-51.9333,0,Maringá,300.3
2023-08-06,820,45,SMS,3.79,-25.2283,-50.5983,0,Imbituva,292.96
2022-07-21,821,46,SMS,4.55,-25.2283,-50.5983,0,Imbituva,984.43
2021-12-12,822,75,Gmail,4.36,-25.4103,-50.5461,0,Fernandes Pinheiro,58.84
2023-12-10,823,37,Gmail,1.25,-25.0067,-50.8567,1,Ivaí,851.55
2022-02-12,824,71,SMS,1.79,-25.2917,-49.2243,0,Colombo,921.0
2021-06-09,825,20,SMS,0.67,-25.8679,-50.3831,1,São Mateus do Sul,593.39
2024-09-22,826,61,WhatsApp,2.35,-25.7775,-49.3278,0,Mandirituba,358.89
2022-11-14,827,26,Gmail,3.46,-24.9555,-53.4553,0,Cascavel,603.04
2024-05-13,828,21,telefone,0.86,-25.6261,-50.6889,1,Rebouças,697.14
2024-01-30,829,54,Gmail,0.83,-23.3103,-51.1628,1,Londrina,927.98
2023-05-17,830,34,WhatsApp,3.76,-25.3658,-49.0764,0,Quatro Barras,314.96
2021-02-17,831,47,Gmail,1.45,-26.3378,-49.9092,1,Itaiópolis,762.88
2023-06-28,832,47,telefone,4.93,-25.7775,-49.3278,0,Mandirituba,387.48
2024-07-19,833,55,SMS,4.1,-25.1914,-50.8031,0,Guamiranga,188.0
2020-03-12,834,56,SMS,3.33,-24.7242,-53.7411,0,Toledo,951.79
2024-09-04,835,61,telefone,0.51,-25.1914,-50.8031,0,Guamiranga,269.68
2020-01-14,836,78,SMS,1.26,-24.9555,-53.4553,0,Cascavel,542.73
2024-09-03,837,78,telefone,4.39,-25.54,-49.8989,0,Porto Amazonas,369.41
2024-03-18,838,34,telefone,2.8,-25.2112,-50.9783,0,Prudentópolis,532.65
2021-01-13,839,68,SMS,3.99,-24.5108,-50.4172,0,Tibagi,323.67
2024-05-25,840,68,telefone,4.68,-25.0067,-50.8567,0,Ivaí,804.27
2024-01-06,841,21,WhatsApp,0.16,-25.2283,-50.5983,1,Imbituva,249.09
2022-10-21,842,29,SMS,0.01,-25.3658,-49.0764,0,Quatro Barras,290.72
2021-05-01,843,40,telefone,4.79,-25.2112,-50.9783,0,Prudentópolis,216.01
2021-09-26,844,77,SMS,1.2,-26.3378,-49.9092,1,Itaiópolis,788.57
2020-11-03,845,62,telefone,0.83,-24.5108,-50.4172,1,Tibagi,84.84
2021-05-19,846,79,telefone,1.89,-23.42,-51.9333,0,Maringá,646.86
2020-07-22,847,45,SMS,2.49,-25.5708,-51.0761,0,Inácio Martins,853.75
2022-06-13,848,57,WhatsApp,2.46,-25.4525,-49.5286,0,Campo Largo,551.8
2022-03-08,849,74,telefone,0.49,-25.3658,-49.0764,0,Quatro Barras,591.62
2021-05-08,850,78,SMS,3.25,-25.4258,-50.0072,0,Palmeira,794.76
2024-08-31,851,29,telefone,4.26,-25.1914,-50.8031,0,Guamiranga,710.24
2022-08-09,852,53,SMS,0.19,-24.1122,-49.4614,0,Sengés,512.79
2023-12-23,853,69,telefone,0.98,-23.3103,-51.1628,0,Londrina,342.5
2023-07-31,854,70,SMS,2.85,-24.9555,-53.4553,0,Cascavel,222.29
2024-09-22,855,70,SMS,2.35,-25.5708,-51.0761,0,Inácio Martins,372.99
2023-09-23,856,70,telefone,4.18,-25.8679,-50.3831,0,São Mateus do Sul,637.96
2023-02-21,857,52,SMS,3.16,-25.2917,-49.2243,0,Colombo,717.84
2024-04-30,858,46,SMS,0.36,-25.5161,-48.5225,0,Paranaguá,444.61
2022-12-09,859,21,SMS,4.01,-25.8806,-50.8172,0,Mallet,252.83
2023-02-24,860,69,SMS,1.2,-25.8806,-50.8172,0,Mallet,825.47
2021-10-05,861,43,Gmail,0.11,-25.2917,-49.2243,0,Colombo,876.69
2021-01-06,862,48,Gmail,2.47,-25.2283,-50.5983,0,Imbituva,978.25
2022-06-07,863,79,Gmail,4.08,-25.4297,-49.2719,0,Curitiba,425.46
2020-06-26,864,79,WhatsApp,1.41,-25.4297,-49.2719,0,Curitiba,839.06
2021-11-04,865,43,telefone,0.2,-25.6261,-50.6889,1,Rebouças,132.09
2022-01-18,866,79,telefone,0.75,-25.0067,-50.8567,1,Ivaí,387.12
2023-04-22,867,72,Gmail,2.81,-25.37,-50.4517,0,Teixeira Soares,949.79
2020-04-17,868,26,SMS,4.41,-24.9555,-53.4553,0,Cascavel,568.71
2022-07-20,869,59,WhatsApp,0.59,-25.1914,-50.8031,0,Guamiranga,511.87
2020-08-01,870,20,WhatsApp,4.17,-23.3442,-52.0942,0,Mandaguaçu,947.09
2023-05-20,871,49,WhatsApp,2.24,-25.5708,-51.0761,1,Inácio Martins,998.44
2021-02-06,872,58,WhatsApp,1.05,-24.9555,-53.4553,1,Cascavel,400.81
2024-02-17,873,31,telefone,2.79,-25.5851,-49.4047,0,Araucária,736.67
2022-10-30,874,22,telefone,0.45,-25.5161,-48.5225,1,Paranaguá,454.39
2024-04-05,875,63,SMS,2.28,-25.5851,-49.4047,1,Araucária,283.1
2021-10-04,876,23,telefone,4.36,-25.5469,-54.5882,0,Foz do Iguaçu,727.4
2020-03-08,877,41,telefone,3.38,-25.4297,-49.2719,0,Curitiba,179.79
2022-03-01,878,34,WhatsApp,0.6,-25.4103,-50.5461,1,Fernandes Pinheiro,370.75
2023-09-12,879,67,Gmail,4.28,-23.42,-51.9333,0,Maringá,195.29
2022-09-05,880,65,SMS,1.29,-25.2112,-50.9783,0,Prudentópolis,502.95
2022-12-29,881,27,Gmail,3.64,-23.3103,-51.1628,0,Londrina,680.13
2022-11-18,882,66,telefone,1.15,-23.9369,-46.325,1,,364.35
2020-04-15,883,46,SMS,0.54,-25.4258,-50.0072,1,Palmeira,992.78
2021-04-07,884,38,Gmail,3.25,-23.3103,-51.1628,0,Londrina,952.05
2023-09-27,885,75,SMS,3.62,-25.5851,-49.4047,0,Araucária,837.51
2023-01-16,886,54,telefone,3.34,-25.1914,-50.8031,0,Guamiranga,234.58
2021-06-15,887,19,SMS,2.07,-25.7775,-49.3278,0,Mandirituba,501.79
2023-11-05,888,27,WhatsApp,4.0,-23.9369,-46.325,0,,659.38
2024-07-30,889,27,Gmail,3.71,-25.1914,-50.8031,0,Guamiranga,808.77
2023-04-02,890,36,SMS,3.62,-24.1122,-49.4614,0,Sengés,586.35
2023-12-13,891,28,WhatsApp,2.47,-25.7775,-49.3278,0,Mandirituba,353.92
2020-03-01,892,67,Gmail,3.18,-24.9156,-50.0975,0,Carambeí,912.81
2023-01-30,893,62,SMS,0.17,-25.8806,-50.8172,1,Mallet,493.71
2023-07-06,894,30,Gmail,1.42,-25.37,-50.4517,0,Teixeira Soares,976.96
2022-05-07,895,24,WhatsApp,1.39,-24.7242,-53.7411,1,Toledo,936.28
2023-06-03,896,72,SMS,3.99,-25.1914,-50.8031,0,Guamiranga,770.68
2021-01-27,897,54,Gmail,3.36,-25.3907,-51.4622,0,Guarapuava,127.33
2024-02-14,898,71,telefone,1.48,-25.0916,-50.1669,1,Ponta Grossa,706.42
2024-09-29,899,76,Gmail,2.31,-24.1122,-49.4614,0,Sengés,133.11
2022-05-14,900,24,SMS,1.45,-24.9156,-50.0975,1,Carambeí,994.88
2024-01-30,901,58,Gmail,0.18,-25.5469,-54.5882,1,Foz do Iguaçu,332.66
2022-01-02,902,71,WhatsApp,2.28,-24.9156,-50.0975,1,Carambeí,934.34
2020-04-25,903,45,telefone,3.51,-25.2283,-50.5983,0,Imbituva,657.86
2024-08-11,904,18,telefone,3.12,-25.5708,-51.0761,0,Inácio Martins,294.48
2021-07-18,905,77,telefone,0.71,-25.0067,-50.8567,1,Ivaí,261.94
2023-03-15,906,43,Gmail,0.6,-23.3103,-51.1628,1,Londrina,543.36
2022-08-03,907,44,Gmail,1.71,-25.8806,-50.8172,1,Mallet,466.77
2022-08-16,908,68,telefone,0.0,-25.5161,-48.5225,1,Paranaguá,789.78
2023-11-27,909,46,WhatsApp,4.14,-25.3907,-51.4622,0,Guarapuava,153.37
2024-02-11,910,24,SMS,4.74,-23.3103,-51.1628,0,Londrina,976.5
2020-09-13,911,64,WhatsApp,4.03,-24.6494,-50.8519,0,Reserva,175.59
2024-09-21,912,36,telefone,2.76,-25.5708,-51.0761,0,Inácio Martins,843.37
2021-08-07,913,46,Gmail,3.2,-25.3907,-51.4622,0,Guarapuava,116.17
2022-09-04,914,34,SMS,3.01,-25.4103,-50.5461,0,Fernandes Pinheiro,853.26
2024-06-19,915,70,Gmail,3.69,-25.4429,-49.0652,0,Piraquara,648.61
2023-08-25,916,57,telefone,3.67,-25.5708,-51.0761,0,Inácio Martins,830.15
2020-05-31,917,42,SMS,4.97,-25.6261,-50.6889,0,Rebouças,532.63
2020-07-18,918,77,telefone,2.9,-25.0916,-50.1669,0,Ponta Grossa,577.21
2021-09-01,919,77,telefone,4.44,-25.54,-49.8989,0,Porto Amazonas,847.56
2023-12-27,920,64,Gmail,0.28,-25.5161,-48.5225,0,Paranaguá,89.7
2023-03-16,921,74,WhatsApp,3.44,-25.8806,-50.8172,0,Mallet,821.77
2020-05-31,922,34,SMS,1.16,-25.8679,-50.3831,1,São Mateus do Sul,60.22
2021-02-21,923,59,SMS,2.2,-25.3658,-49.0764,0,Quatro Barras,748.94
2021-05-06,924,46,Gmail,0.94,-25.8806,-50.8172,0,Mallet,953.59
2023-05-29,925,39,WhatsApp,3.64,-25.3907,-51.4622,0,Guarapuava,847.78
2024-09-10,926,73,Gmail,4.52,-25.1914,-50.8031,0,Guamiranga,435.5
2023-11-01,927,43,WhatsApp,2.97,-25.5851,-49.4047,0,Araucária,626.18
2021-11-10,928,63,telefone,1.22,-25.7325,-50.7989,1,Rio Azul,908.42
2021-03-23,929,27,WhatsApp,1.06,-24.5108,-50.4172,0,Tibagi,70.46
2024-08-25,930,36,SMS,0.35,-25.8806,-50.8172,1,Mallet,778.16
2023-06-24,931,23,telefone,0.36,-25.4297,-49.2719,1,Curitiba,461.51
2020-02-03,932,38,WhatsApp,4.58,-24.9555,-53.4553,0,Cascavel,598.71
2023-01-18,933,41,Gmail,3.23,-25.4429,-49.0652,0,Piraquara,735.97
2023-04-07,934,30,Gmail,2.92,-25.4297,-49.2719,0,Curitiba,97.17
2024-09-13,935,74,SMS,1.69,-25.7325,-50.7989,1,Rio Azul,273.71
2021-12-13,936,23,telefone,1.12,-25.5708,-51.0761,0,Inácio Martins,729.76
2021-09-01,937,65,Gmail,4.94,-26.3378,-49.9092,0,Itaiópolis,394.45
2024-04-05,938,29,telefone,4.62,-25.4297,-49.2719,0,Curitiba,227.68
2021-06-05,939,31,Gmail,3.12,-25.4103,-50.5461,0,Fernandes Pinheiro,985.07
2022-10-30,940,45,telefone,2.91,-25.8679,-50.3831,0,São Mateus do Sul,257.35
2022-03-15,941,38,SMS,1.39,-25.4429,-49.0652,0,Piraquara,176.87
2022-02-25,942,45,WhatsApp,0.98,-25.2112,-50.9783,1,Prudentópolis,268.14
2021-05-15,943,22,Gmail,0.44,-25.7325,-50.7989,1,Rio Azul,642.44
2023-08-20,944,53,SMS,2.29,-23.3103,-51.1628,1,Londrina,779.81
2022-04-10,945,57,WhatsApp,3.31,-23.9369,-46.325,0,,746.52
2023-07-27,946,60,telefone,0.76,-23.3442,-52.0942,1,Mandaguaçu,177.42
2020-06-13,947,78,SMS,2.62,-25.3907,-51.4622,0,Guarapuava,771.4
2022-03-24,948,56,telefone,3.64,-25.4258,-50.0072,0,Palmeira,267.45
2022-08-17,949,21,Gmail,2.58,-25.0916,-50.1669,0,Ponta Grossa,629.11
2021-09-17,950,37,SMS,2.0,-25.6261,-50.6889,0,Rebouças,385.93
2020-01-10,951,61,Gmail,4.4,-25.5851,-49.4047,0,Araucária,994.45
2021-09-10,952,52,Gmail,1.24,-25.4525,-49.5286,0,Campo Largo,879.86
2020-11-08,953,24,WhatsApp,3.66,-23.3103,-51.1628,0,Londrina,436.8
2022-02-04,954,31,Gmail,3.66,-25.5161,-48.5225,0,Paranaguá,331.83
2023-09-05,955,50,WhatsApp,0.24,-25.5851,-49.4047,0,Araucária,812.29
2023-02-17,956,43,telefone,3.97,-25.7775,-49.3278,0,Mandirituba,352.06
2024-03-06,957,43,telefone,2.14,-24.1122,-49.4614,1,Sengés,489.47
2021-01-19,958,49,WhatsApp,4.68,-25.4429,-49.0652,0,Piraquara,693.82
2023-01-14,959,18,WhatsApp,1.69,-25.3658,-49.0764,0,Quatro Barras,862.22
2023-01-25,960,25,telefone,0.13,-24.7242,-53.7411,0,Toledo,145.89
2024-06-13,961,46,WhatsApp,1.9,-25.4525,-49.5286,0,Campo Largo,801.96
2022-10-25,962,67,telefone,1.44,-23.3442,-52.0942,1,Mandaguaçu,674.95
2020-04-03,963,40,telefone,1.46,-25.54,-49.8989,0,Porto Amazonas,114.84
2023-07-29,964,32,SMS,4.12,-24.5108,-50.4172,0,Tibagi,826.5
2024-07-04,965,79,Gmail,0.27,-25.8679,-50.3831,1,São Mateus do Sul,186.5
2020-08-29,966,79,SMS,2.76,-25.2112,-50.9783,0,Prudentópolis,663.22
2022-11-23,967,33,telefone,1.14,-23.42,-51.9333,0,Maringá,268.39
2024-03-09,968,65,WhatsApp,4.29,-23.3103,-51.1628,0,Londrina,588.6
2024-02-24,969,43,telefone,2.88,-25.37,-50.4517,0,Teixeira Soares,934.14
2024-09-29,970,28,SMS,1.43,-25.0067,-50.8567,0,Ivaí,462.58
2020-07-03,971,33,WhatsApp,1.84,-25.3658,-49.0764,1,Quatro Barras,731.83
2023-06-23,972,48,WhatsApp,4.21,-25.2112,-50.9783,0,Prudentópolis,593.18
2021-09-02,973,49,SMS,3.63,-25.5469,-54.5882,0,Foz do Iguaçu,860.92
2021-02-15,974,37,SMS,1.65,-25.3658,-49.0764,1,Quatro Barras,707.11
2023-09-10,975,26,WhatsApp,3.06,-25.2283,-50.5983,0,Imbituva,270.72
2021-03-19,976,21,WhatsApp,0.39,-25.4429,-49.0652,0,Piraquara,847.64
2023-04-16,977,77,Gmail,2.19,-25.5161,-48.5225,0,Paranaguá,924.95
2020-03-05,978,44,Gmail,3.61,-23.3442,-52.0942,0,Mandaguaçu,988.79
2022-03-13,979,66,SMS,4.56,-25.4297,-49.2719,0,Curitiba,450.49
2023-04-04,980,58,SMS,0.89,-25.37,-50.4517,1,Teixeira Soares,405.08
2023-05-25,981,43,telefone,2.26,-25.5469,-54.5882,1,Foz do Iguaçu,845.04
2020-06-03,982,52,WhatsApp,3.3,-24.1122,-49.4614,0,Sengés,897.87
2022-08-05,983,74,Gmail,3.95,-26.3378,-49.9092,0,Itaiópolis,633.09
2021-04-23,984,30,telefone,3.72,-23.3442,-52.0942,0,Mandaguaçu,659.37
2021-09-08,985,35,Gmail,4.85,-25.8806,-50.8172,0,Mallet,664.33
2023-03-13,986,19,Gmail,0.84,-23.42,-51.9333,0,Maringá,621.03
2021-02-14,987,69,SMS,3.9,-25.8679,-50.3831,0,São Mateus do Sul,888.62
2023-08-03,988,53,telefone,0.71,-24.5108,-50.4172,1,Tibagi,209.36
2022-01-28,989,27,telefone,3.41,-25.5708,-51.0761,0,Inácio Martins,935.87
2023-07-18,990,39,WhatsApp,3.13,-23.3442,-52.0942,0,Mandaguaçu,434.94
2023-11-10,991,52,WhatsApp,3.66,-25.4525,-49.5286,0,Campo Largo,704.3
2020-07-14,992,42,telefone,3.49,-25.4429,-49.0652,0,Piraquara,182.71
2021-06-16,993,68,WhatsApp,3.32,-25.37,-50.4517,0,Teixeira Soares,205.95
2021-03-11,994,56,WhatsApp,1.92,-25.4297,-49.2719,1,Curitiba,212.71
2021-12-03,995,45,WhatsApp,2.92,-23.3103,-51.1628,0,Londrina,56.52
2020-05-19,996,24,SMS,2.46,-25.2917,-49.2243,0,Colombo,843.81
2024-04-12,997,39,Gmail,1.28,-25.4103,-50.5461,0,Fernandes Pinheiro,228.75
2024-10-03,998,73,WhatsApp,0.56,-25.5851,-49.4047,0,Araucária,182.86
2024-07-26,999,30,telefone,2.82,-26.3378,-49.9092,0,Itaiópolis,477.43
2023-04-18,1000,68,WhatsApp,3.16,-25.2112,-50.9783,0,Prudentópolis,319.49
